hour_of_day,day_of_week,bus_id,stop_id,historic_fullness
20,0,1,3,78.97
7,1,1,1,73.89
21,5,3,1,30.18
18,3,1,1,92.18
2,1,1,5,13.13
19,0,3,2,73.13
22,5,3,5,22.63
13,1,2,5,36.14
8,6,1,2,66.24
22,3,2,3,39.34
4,1,2,1,21.29
2,3,1,3,21.27
11,4,2,1,46.94
23,3,3,1,19.69
12,0,3,3,21.2
20,4,2,5,55.5
6,5,1,1,26.9
21,1,2,1,42.51
7,6,1,4,47.74
8,3,3,3,48.7
5,2,2,2,41.73
21,2,3,1,33.19
19,5,1,5,55.54
23,1,1,4,23.6
12,2,3,5,20.64
7,5,2,1,60.89
7,6,1,3,50.79
12,2,1,2,58.01
18,5,2,2,65.19
20,3,2,4,62.67
4,2,1,2,30.19
23,4,3,3,44.82
23,4,2,5,24.89
12,2,1,2,46.54
16,3,1,1,51.58
3,1,3,2,15.23
21,3,3,1,36.67
12,3,3,4,14.32
16,2,3,1,24.37
21,5,1,5,21.57
8,6,3,3,55.91
3,2,2,2,31.37
14,0,3,3,34.07
16,6,1,5,17.59
3,6,3,3,0.0
20,4,3,2,69.24
4,2,1,5,11.31
16,0,3,3,38.46
15,0,1,3,47.75
9,1,1,2,65.9
18,0,1,4,72.59
2,6,3,2,11.92
4,5,2,5,0.0
5,2,3,5,9.89
13,1,3,2,53.25
22,2,2,3,42.45
14,4,2,1,38.29
7,1,1,3,67.53
0,4,3,2,27.65
18,1,1,1,87.8
22,5,1,2,36.17
2,0,2,1,23.51
16,1,2,4,21.15
6,4,1,5,20.43
18,3,1,4,76.5
13,1,1,1,60.85
21,3,2,4,29.42
13,3,3,1,48.03
21,5,3,1,27.89
1,3,3,3,9.84
3,1,1,2,37.89
17,3,1,4,82.3
5,2,2,2,29.71
2,3,3,1,32.52
1,5,3,1,0.0
2,6,1,2,31.58
13,3,2,2,50.7
12,0,1,4,37.61
0,3,2,4,15.73
9,3,3,5,34.1
21,5,2,2,33.24
6,2,1,1,47.86
18,5,3,1,71.82
23,2,1,1,40.85
18,3,3,5,48.53
5,0,3,1,15.99
5,0,3,1,27.32
21,6,1,4,27.63
3,4,1,5,10.76
19,0,3,1,74.11
13,5,3,5,15.78
16,2,2,2,52.75
21,5,2,2,29.38
8,3,1,3,67.38
14,2,1,1,46.86
14,4,3,1,28.29
2,4,1,5,17.37
8,1,2,1,72.09
7,2,2,2,75.04
14,6,3,3,23.12
19,6,3,5,33.68
0,5,3,3,1.63
21,0,1,3,37.26
3,0,3,5,0.0
4,2,2,5,8.71
6,5,2,2,38.23
21,5,2,5,30.09
15,2,1,1,51.4
20,3,2,1,77.06
0,2,1,3,24.4
5,5,2,5,0.0
22,3,3,1,34.79
3,0,3,2,25.48
17,0,2,5,79.71
17,1,2,2,78.46
1,2,2,1,27.41
11,1,3,2,44.72
21,0,2,5,15.65
13,4,3,2,54.14
7,6,1,2,76.02
13,0,1,3,51.33
13,6,3,2,27.72
8,1,3,1,76.22
12,6,1,4,18.79
7,1,2,3,69.69
9,6,1,2,87.52
0,5,1,4,2.08
10,2,1,3,35.47
11,5,3,4,20.8
21,6,3,3,15.97
0,0,2,2,17.59
18,2,1,1,80.55
19,3,2,3,61.5
13,4,3,1,43.79
12,4,1,3,37.64
1,5,2,1,27.4
16,6,3,2,23.73
11,3,1,3,42.42
19,2,3,1,76.51
23,2,3,3,20.15
21,3,2,4,31.82
22,2,3,2,50.46
6,3,3,4,12.14
21,5,1,5,21.48
18,2,2,5,62.08
0,2,2,2,36.25
13,6,3,5,5.1
20,2,2,4,54.44
14,5,1,5,29.18
15,6,3,2,37.38
21,0,2,5,27.0
21,5,3,3,22.77
2,6,1,3,9.56
7,6,1,2,71.86
0,0,1,4,22.34
19,6,1,4,54.29
13,5,3,2,49.93
22,5,2,4,23.79
12,1,1,1,40.47
3,6,2,2,25.25
5,6,3,5,0.0
14,0,3,2,51.3
3,3,1,4,29.27
21,4,3,5,13.43
10,6,2,5,22.71
23,4,2,5,28.3
14,1,3,4,36.58
14,2,1,3,60.17
16,3,3,2,38.04
8,3,1,3,63.97
7,2,2,3,57.88
17,0,1,2,78.47
7,3,3,2,69.38
22,1,1,4,37.73
13,2,3,4,32.21
13,0,1,4,46.62
12,6,3,1,30.1
18,3,2,1,86.63
11,2,2,4,32.88
17,5,3,5,66.76
19,1,2,2,85.01
8,3,2,1,63.14
12,2,3,4,21.43
23,1,2,2,48.86
19,4,1,4,68.21
18,4,3,1,75.71
2,5,2,2,23.79
14,1,1,3,44.42
12,2,1,4,33.23
10,2,2,3,22.88
13,2,1,4,36.43
0,5,3,1,16.85
11,1,3,1,41.71
20,0,1,2,75.03
6,6,1,5,21.39
4,1,1,4,23.08
21,0,3,2,32.93
14,5,2,3,31.23
5,4,3,1,20.47
5,2,1,5,5.86
0,2,3,4,12.86
12,5,1,1,44.49
18,5,3,2,73.66
3,5,2,5,8.43
3,6,3,1,0.0
11,4,2,3,32.5
2,4,3,3,19.12
0,6,2,4,9.11
3,3,2,4,19.12
22,1,2,2,75.82
23,4,3,3,34.57
19,6,3,4,59.08
14,3,3,5,32.63
8,2,1,1,80.21
8,3,1,4,62.48
18,4,3,4,66.07
10,0,2,3,28.82
5,3,1,3,23.11
8,2,2,5,51.12
22,2,3,1,35.65
16,1,1,2,68.52
23,3,2,5,10.06
7,5,2,4,55.49
14,6,1,1,27.1
9,1,2,2,71.22
9,5,3,3,58.71
15,4,3,3,35.51
13,5,3,3,16.38
11,5,2,3,24.28
9,2,1,1,80.44
23,1,2,1,34.16
23,4,3,2,41.73
6,1,3,4,25.36
8,5,3,5,34.79
19,2,1,2,100.0
9,1,2,2,80.07
9,0,3,5,33.8
4,2,1,1,31.49
17,2,3,2,69.71
20,6,2,1,71.82
0,4,2,4,8.66
15,3,2,2,49.08
1,2,2,1,29.04
2,3,2,1,31.93
18,5,3,1,50.4
4,1,3,3,12.32
2,1,1,5,11.2
13,4,3,5,19.77
7,6,3,4,59.12
14,3,2,5,33.24
13,2,3,5,14.91
1,4,3,1,27.34
6,5,1,3,46.98
21,0,1,2,58.26
5,4,1,2,22.85
0,3,2,5,6.13
15,2,1,2,65.14
9,5,2,4,44.34
2,5,1,3,18.55
20,4,3,2,81.2
13,0,3,2,37.58
20,1,2,2,79.52
2,0,1,3,0.0
19,5,3,3,46.8
14,0,2,3,37.98
22,3,2,5,15.02
17,3,2,1,88.06
19,0,2,3,58.56
19,2,1,1,76.48
7,5,3,5,41.05
0,6,3,3,16.53
18,0,1,4,58.51
16,5,2,3,34.31
5,4,2,4,15.08
2,3,2,4,7.15
10,2,3,1,38.7
5,2,2,4,16.59
9,5,2,5,40.2
1,3,1,3,25.56
8,2,1,4,61.92
16,6,1,5,20.91
14,3,1,2,60.3
16,2,3,4,37.69
20,3,1,2,75.1
8,4,1,3,87.06
14,5,2,1,19.38
0,5,3,2,13.79
22,1,2,5,29.71
0,4,2,1,27.25
7,6,1,4,50.02
3,5,1,4,8.34
22,2,3,3,26.06
13,6,2,4,20.29
7,3,3,2,76.8
12,1,3,5,27.86
23,1,1,3,34.46
13,2,3,3,42.2
0,2,3,3,17.46
18,4,3,4,66.5
4,3,3,4,15.04
11,2,3,5,18.37
12,3,2,2,45.52
22,1,3,4,30.98
7,6,2,1,64.88
10,5,2,4,19.83
12,5,3,2,35.94
15,0,1,5,45.22
18,2,1,4,65.27
3,4,2,1,29.38
23,1,2,2,43.38
2,3,2,3,18.26
19,5,2,1,73.79
10,6,3,5,16.6
12,2,3,4,36.51
17,0,3,1,80.44
7,5,3,3,50.17
7,5,1,4,60.46
3,6,3,1,7.52
14,1,3,3,37.59
0,0,2,1,23.96
9,2,2,4,60.78
4,1,3,4,14.76
18,5,1,2,68.45
5,0,3,4,26.74
19,5,1,4,51.95
18,1,1,4,60.29
20,2,2,3,79.26
21,0,2,3,41.33
21,4,1,1,49.99
14,2,3,3,40.03
20,3,3,3,64.9
14,6,2,2,32.82
12,6,2,1,35.61
7,3,3,3,54.58
18,2,3,3,72.8
0,6,3,4,0.0
8,0,3,1,58.4
19,5,2,3,57.43
7,4,2,2,78.3
20,1,3,3,60.49
21,6,3,2,23.42
20,0,3,1,71.95
9,6,2,1,61.96
18,2,3,2,70.94
2,2,2,4,11.23
5,1,1,5,16.86
11,4,3,3,23.42
5,2,2,3,8.74
23,6,2,1,24.25
14,0,1,2,53.29
21,5,3,4,17.49
17,2,1,4,81.8
0,2,3,1,26.86
14,2,3,3,33.72
18,3,3,3,64.85
3,5,1,4,1.98
0,4,3,3,14.85
19,1,3,1,67.69
20,6,2,3,62.58
20,3,1,2,78.38
1,0,2,4,19.15
3,0,1,5,27.26
4,3,2,3,19.13
21,5,3,5,13.21
13,4,3,2,50.52
13,5,1,4,26.79
19,3,2,1,76.79
22,2,1,4,35.1
14,1,2,1,45.78
21,2,3,3,23.82
1,3,2,2,30.2
3,6,2,1,18.98
21,1,3,5,31.61
0,0,2,2,37.67
4,6,3,2,32.23
2,6,3,2,8.86
18,1,1,3,81.98
4,6,3,1,11.47
8,6,1,2,87.52
17,2,1,1,73.53
21,6,1,2,33.28
0,2,1,5,10.2
10,0,1,3,23.01
1,1,3,4,5.79
16,0,3,1,28.93
15,3,2,5,31.2
18,0,2,5,62.73
7,4,1,5,75.01
9,3,3,1,72.6
1,3,2,4,10.38
21,0,2,4,22.81
2,0,2,5,13.94
4,0,1,3,14.44
19,5,3,5,59.65
22,2,2,5,34.44
16,2,2,5,21.25
19,3,1,1,66.29
20,5,3,2,75.83
13,3,1,4,39.08
10,6,2,4,29.9
13,5,1,3,22.24
13,2,3,3,30.2
11,1,3,4,30.04
2,0,1,1,30.38
13,0,3,3,31.4
4,4,1,5,19.98
17,4,2,1,66.46
13,2,3,4,28.86
23,0,2,5,25.96
9,2,1,5,64.12
16,1,1,4,40.69
7,6,1,3,51.0
17,2,1,3,62.73
18,1,2,5,70.22
19,4,3,5,57.66
0,4,3,3,9.01
0,1,2,3,32.41
10,2,1,2,50.93
4,4,3,4,19.43
2,1,3,1,20.54
2,5,3,2,31.49
12,3,2,3,54.04
5,2,2,3,18.01
18,4,1,1,87.77
4,1,3,1,25.16
21,0,2,4,40.95
21,3,2,5,17.28
14,3,2,2,55.49
16,0,2,4,38.47
3,2,3,5,0.0
15,4,3,3,25.53
1,1,2,5,0.0
1,0,1,3,22.84
6,6,1,3,35.74
9,2,1,1,87.02
15,5,2,2,40.59
4,3,3,2,38.03
16,4,3,3,18.96
2,3,3,1,6.37
13,0,2,1,44.56
10,4,2,5,28.07
12,5,3,4,19.74
9,0,2,1,53.46
10,1,3,4,24.29
22,2,1,4,24.56
3,1,2,5,15.36
12,4,1,4,42.93
9,5,2,2,57.48
10,6,1,1,30.89
16,5,1,5,11.53
16,1,2,3,34.5
23,6,3,2,37.64
7,0,1,3,62.11
6,1,3,2,44.03
20,0,1,4,65.76
14,6,3,5,8.66
14,5,3,5,14.14
10,6,3,3,11.72
4,3,1,4,15.57
14,5,2,3,20.42
18,0,2,5,75.72
2,2,2,4,15.28
1,0,2,3,14.4
2,5,1,5,6.71
19,4,2,4,64.1
18,4,3,1,68.23
14,6,3,2,39.91
10,4,2,5,31.06
4,0,2,1,20.76
10,5,1,5,15.39
20,1,1,2,82.8
22,3,2,5,6.58
16,4,1,3,27.88
11,2,2,4,45.93
10,5,3,1,38.16
20,5,2,1,63.01
10,0,3,4,29.61
9,2,3,5,52.49
4,2,1,5,39.63
21,1,2,3,43.96
20,5,3,4,48.98
4,4,3,1,12.36
9,4,2,3,52.15
4,5,3,5,0.0
2,5,3,4,0.0
16,2,1,3,28.62
9,1,1,3,64.83
15,1,1,2,46.35
4,0,2,1,38.5
16,6,3,5,17.05
1,5,2,5,0.0
4,4,2,2,41.84
5,1,3,5,5.62
5,5,2,1,8.11
13,2,3,2,57.18
14,4,2,4,39.31
7,4,1,3,61.7
15,6,1,3,33.48
21,4,2,4,23.0
9,6,2,5,33.94
16,3,1,2,57.41
19,1,2,1,90.28
20,3,2,5,48.81
3,5,3,1,14.5
9,0,1,3,64.79
14,4,1,4,36.1
2,1,2,3,15.26
0,3,1,4,13.09
16,2,1,4,35.39
2,2,1,1,23.35
10,0,3,3,32.16
4,1,1,3,24.6
15,5,1,4,28.09
14,4,1,1,42.74
0,2,1,2,30.39
17,5,3,5,51.04
13,0,2,2,54.01
9,0,1,2,72.18
13,5,3,4,20.79
2,0,2,5,16.01
17,0,3,5,41.64
18,1,3,2,79.35
9,3,1,5,54.7
11,1,3,4,34.56
5,5,3,1,3.89
16,2,1,5,15.56
17,4,3,5,41.98
0,3,2,1,25.38
20,3,2,3,72.08
23,0,2,1,32.77
11,1,3,1,45.11
18,5,2,2,56.71
1,2,3,3,14.47
20,1,3,4,50.31
22,3,3,2,34.79
4,0,3,4,10.38
1,2,1,1,23.12
6,0,2,3,31.92
16,3,3,4,33.05
8,0,3,2,65.38
9,2,1,3,76.69
8,0,2,4,50.96
12,5,2,4,29.24
10,1,2,4,41.53
11,6,3,3,5.23
2,5,2,1,8.62
13,4,1,5,39.62
9,2,1,1,73.38
10,5,2,3,27.97
14,4,3,4,25.17
5,5,2,3,10.69
14,0,3,3,33.75
19,3,2,1,84.34
2,5,3,4,2.04
11,4,3,2,47.7
0,1,3,4,6.7
1,1,1,2,31.1
20,2,2,4,61.54
18,0,3,2,78.16
21,3,2,3,31.63
14,6,1,5,27.32
4,4,2,4,31.6
10,5,2,2,41.97
3,0,3,2,22.39
15,4,2,5,39.61
3,2,2,4,11.74
6,4,2,4,13.7
6,0,1,1,36.94
14,1,3,4,15.03
2,6,3,3,2.19
21,2,3,1,35.15
17,4,2,3,83.41
5,5,3,2,17.62
11,4,1,1,48.25
6,6,1,2,46.64
15,0,2,5,12.31
18,2,2,5,61.88
4,4,1,1,36.17
9,3,3,4,43.17
16,3,2,5,34.15
2,1,2,1,27.71
14,3,3,5,21.68
11,1,3,5,30.06
5,6,1,4,28.17
16,6,1,1,36.45
16,1,2,2,46.99
5,2,3,2,21.33
11,4,2,1,38.2
8,1,3,5,56.64
8,1,3,3,53.15
19,4,1,5,65.57
20,1,3,5,51.18
4,1,3,5,8.83
23,4,2,5,27.67
1,6,1,1,28.3
1,5,3,3,0.92
20,1,3,4,57.84
19,5,1,4,52.17
20,4,2,3,66.45
15,1,3,4,33.02
9,3,1,1,81.06
5,3,2,4,7.62
14,1,2,5,36.96
4,2,3,3,25.85
23,6,2,4,23.31
4,6,2,5,15.01
17,0,2,2,73.81
14,0,2,4,25.04
7,1,1,1,60.77
9,3,3,4,66.97
7,6,1,3,65.23
18,5,2,2,69.56
5,3,3,4,12.24
15,2,2,1,36.0
2,3,3,4,29.57
7,1,3,3,61.03
1,0,2,4,15.88
19,6,3,4,55.81
9,4,1,1,78.85
13,1,2,3,41.79
12,2,1,4,33.68
1,4,3,2,28.77
11,4,2,1,60.06
12,4,2,5,40.76
8,6,3,5,52.75
3,1,1,4,15.91
11,6,2,5,12.08
11,6,1,2,43.99
19,4,2,5,60.45
1,0,1,2,43.75
22,2,2,5,11.46
14,1,3,5,37.24
4,2,3,3,13.74
5,3,3,3,11.58
18,2,3,5,46.9
17,3,3,5,41.76
9,3,1,3,76.59
10,5,1,4,25.59
18,2,3,1,59.68
19,3,2,5,49.64
18,1,3,1,67.31
18,3,1,5,78.35
20,5,3,4,47.92
4,6,3,2,2.97
1,4,3,1,18.03
6,0,2,3,32.82
13,1,2,2,28.42
13,4,3,4,29.57
23,5,1,2,38.15
16,1,3,3,35.57
21,3,3,4,39.79
10,1,2,5,34.01
10,4,2,3,32.85
19,3,1,2,76.15
8,4,2,2,95.59
9,6,2,2,65.47
22,5,2,3,25.11
15,2,3,3,34.81
9,0,3,5,51.58
12,3,2,2,48.85
9,0,2,1,65.41
11,3,3,3,30.63
23,3,1,2,49.74
17,2,3,3,60.65
4,0,3,5,0.0
7,1,1,5,60.85
7,5,1,1,62.96
3,3,2,4,27.03
3,5,1,1,0.0
17,1,2,4,73.73
15,5,1,3,44.97
10,2,3,1,18.41
2,5,3,2,12.26
17,5,3,1,57.03
5,3,1,1,18.74
12,6,2,2,33.78
23,6,2,1,21.12
0,2,3,5,19.02
3,2,2,4,22.49
20,4,3,4,70.17
4,6,3,4,5.77
8,1,1,3,60.97
5,5,2,3,5.8
22,1,1,3,43.91
9,4,3,2,60.22
5,4,3,4,15.7
13,4,2,1,43.08
12,5,1,2,42.0
4,3,2,2,35.69
0,2,2,2,33.55
14,6,2,3,27.11
9,4,3,5,59.27
0,2,3,3,6.35
22,1,1,1,49.93
14,2,1,4,44.74
21,4,3,3,27.52
22,0,3,3,32.61
11,4,1,2,44.99
4,3,1,4,27.39
23,4,2,4,28.52
22,4,2,5,20.82
21,6,1,2,48.39
21,6,3,1,19.37
16,3,3,3,18.73
2,4,1,1,17.55
17,4,1,5,69.85
17,1,1,3,64.76
16,3,1,2,64.04
22,4,2,1,23.34
16,3,1,4,48.57
4,4,2,4,16.69
18,0,3,4,59.23
21,6,2,1,25.64
12,2,1,2,58.19
18,0,1,4,69.7
11,5,1,5,33.83
1,0,2,1,25.91
9,3,1,2,81.2
20,5,3,4,47.09
11,3,2,4,34.54
12,0,3,5,27.46
4,5,2,1,1.32
5,4,2,5,0.0
4,5,1,1,25.95
0,2,2,5,11.37
13,4,2,2,48.53
7,3,2,2,75.15
8,1,3,1,67.78
1,6,3,4,0.0
19,6,1,2,68.77
6,0,1,5,31.57
1,3,3,1,12.17
7,5,1,4,58.27
14,1,3,2,31.38
1,1,3,3,23.23
7,6,3,5,43.78
10,4,3,3,32.05
7,2,1,5,67.86
7,3,2,3,78.32
1,4,3,2,33.11
20,5,2,5,35.27
15,0,2,4,24.76
16,2,3,4,20.0
13,1,2,4,35.21
5,6,3,4,4.14
7,6,1,3,54.19
22,1,2,1,41.49
17,3,2,5,53.96
16,1,2,2,40.11
8,1,2,1,58.75
14,6,2,1,27.61
17,5,1,1,59.19
8,3,3,5,42.19
19,0,1,2,93.43
18,5,3,5,37.4
6,3,1,3,61.06
9,0,1,2,83.95
23,0,3,4,26.48
7,5,3,2,53.13
12,1,3,3,40.6
9,3,2,5,50.39
20,2,2,3,70.98
11,4,2,4,55.48
3,6,3,4,0.0
10,1,2,3,44.19
13,0,3,2,39.37
23,1,1,3,39.72
17,4,3,4,74.17
9,1,1,3,64.98
7,3,3,2,84.5
15,4,3,3,40.66
8,6,2,4,45.5
14,1,3,3,40.06
5,1,3,5,12.78
15,1,3,1,44.97
16,0,1,1,32.44
0,3,1,2,29.18
2,5,1,1,18.02
6,4,2,3,34.4
1,4,3,5,9.97
15,5,2,1,36.42
0,4,3,4,0.0
0,0,3,3,18.04
17,2,1,5,69.88
22,5,2,2,39.48
3,0,3,2,33.65
7,1,3,5,56.67
8,6,2,3,58.67
12,0,2,4,34.44
14,4,1,2,41.71
9,5,1,1,68.44
2,3,2,4,16.66
17,3,1,1,82.17
22,1,1,4,24.79
13,5,2,5,11.35
3,4,1,2,43.43
6,6,3,5,9.68
15,2,1,1,55.45
21,2,3,5,20.23
21,0,1,3,40.24
0,1,3,2,32.51
22,6,2,1,25.87
9,1,3,2,70.77
18,6,2,5,46.3
10,3,3,2,36.52
22,5,1,5,17.53
23,2,1,1,46.78
13,1,1,3,41.17
19,6,3,5,55.05
12,6,2,1,27.84
20,2,2,4,63.51
7,2,3,4,51.48
13,1,3,5,36.58
21,3,1,5,31.57
9,6,1,1,73.25
2,2,1,4,8.12
22,6,3,2,32.14
23,3,2,3,42.12
3,0,1,3,25.66
14,2,2,1,53.52
4,0,1,4,15.86
14,4,3,5,36.27
13,0,1,1,68.39
11,4,1,5,32.1
19,6,2,4,51.44
0,2,2,4,26.63
2,5,3,2,27.64
18,4,1,4,65.82
5,1,2,3,16.64
8,3,1,1,72.75
5,3,2,4,4.24
9,3,1,3,62.65
8,1,3,4,46.97
19,4,1,4,63.86
3,1,2,1,24.72
12,2,3,4,31.87
10,3,2,4,42.4
20,4,1,3,67.01
10,4,3,2,47.87
15,2,1,4,38.29
10,2,3,4,24.6
18,6,1,3,70.4
12,2,2,3,31.02
3,4,1,5,18.06
17,1,3,5,56.33
0,5,2,2,23.94
14,6,2,1,37.31
13,5,2,2,59.64
20,2,1,3,69.9
21,1,3,4,20.75
12,0,2,5,25.01
15,4,2,5,25.56
16,6,3,4,9.9
17,0,2,5,69.51
19,5,1,1,81.36
7,5,3,3,45.43
5,5,3,1,3.34
18,5,3,4,53.77
10,6,2,1,25.58
0,0,2,2,35.06
16,5,3,5,11.62
18,5,3,2,52.87
14,2,2,4,47.38
21,4,3,5,34.37
4,2,1,4,15.1
3,2,2,1,21.9
3,6,3,2,17.29
11,2,2,4,37.68
6,4,2,3,40.27
15,0,2,4,51.08
10,0,2,1,38.58
22,0,1,3,33.61
20,0,3,2,63.97
23,1,3,2,34.15
17,1,2,5,59.73
13,3,1,4,54.36
20,1,1,4,65.86
12,0,3,5,26.79
6,3,3,4,24.87
12,0,3,2,54.51
6,2,3,1,55.22
18,0,3,2,70.75
11,2,1,4,36.08
3,2,3,4,18.35
16,5,2,5,20.46
12,4,2,5,44.77
3,2,2,4,19.67
19,1,3,3,62.13
19,4,1,2,89.73
10,0,1,3,48.87
3,1,2,2,36.56
16,3,2,5,29.06
4,4,2,4,23.53
5,3,3,5,14.35
22,5,1,5,31.06
5,3,2,2,35.19
5,2,2,5,8.66
1,6,2,1,16.17
15,1,1,4,49.65
17,4,3,4,53.46
13,5,2,4,27.95
22,6,2,4,16.85
5,0,3,1,20.23
7,2,1,3,80.23
7,4,2,2,76.53
14,4,3,4,30.37
17,4,1,5,54.12
3,2,3,3,20.97
17,6,1,4,65.16
17,1,2,1,92.31
23,6,3,2,27.54
9,6,1,4,56.75
8,2,1,4,67.0
3,6,1,2,37.62
23,4,3,3,29.24
22,4,3,4,27.23
5,4,1,2,39.86
6,6,1,5,21.49
11,4,2,5,26.43
17,1,2,3,71.55
9,4,2,5,63.59
21,6,1,2,31.79
13,0,2,2,51.06
22,6,1,2,34.4
4,5,2,2,29.56
21,3,2,2,32.81
18,5,2,4,50.53
12,3,1,1,53.02
12,4,3,3,47.52
22,2,2,4,29.47
10,4,1,1,40.56
23,3,3,3,45.05
2,6,3,4,0.0
6,3,1,4,17.41
8,2,2,3,68.52
17,4,1,5,60.98
15,6,2,1,26.83
1,0,3,4,15.67
0,0,1,4,21.95
14,0,2,2,45.49
22,1,3,3,19.76
5,6,2,1,21.98
20,2,2,1,80.2
11,5,3,2,34.21
1,3,3,3,29.77
23,5,1,4,16.44
20,0,3,1,57.8
0,1,2,1,19.46
4,4,1,5,14.64
21,3,1,1,46.95
22,2,1,4,33.07
22,1,2,1,42.82
7,3,1,1,64.99
3,2,2,3,31.55
4,3,1,2,34.34
2,4,3,1,28.94
19,5,1,4,62.74
11,5,1,2,48.65
13,4,3,4,34.56
6,0,1,2,53.58
3,4,3,4,15.14
11,3,2,2,60.63
7,2,3,1,66.57
7,4,3,5,55.67
23,4,2,1,39.28
21,2,1,5,41.52
19,4,1,4,64.59
9,5,1,2,84.41
15,3,1,2,54.68
15,5,3,1,18.55
16,0,2,3,36.02
4,3,3,4,4.55
11,4,3,2,51.73
15,6,1,1,34.78
18,0,1,3,71.43
6,0,1,4,19.88
16,2,3,5,16.38
13,3,3,4,10.61
2,5,3,5,0.0
19,1,2,1,81.08
9,0,3,2,76.29
4,4,2,4,18.4
18,5,3,1,52.26
9,5,2,2,64.62
1,1,1,4,19.97
3,3,3,5,0.0
1,2,3,2,37.03
3,0,3,2,32.02
22,0,1,4,33.23
11,4,3,3,35.22
5,2,1,3,26.67
23,0,1,3,23.67
13,2,3,1,38.02
8,5,3,1,49.54
15,3,3,3,26.99
1,3,3,2,22.75
11,1,2,1,59.38
18,5,3,1,65.13
7,5,3,1,50.43
1,6,1,2,29.58
1,3,2,4,26.19
4,1,1,5,22.4
22,5,3,4,15.48
7,2,1,4,59.82
23,2,2,1,45.59
18,2,1,5,68.15
21,0,1,2,57.16
16,0,2,1,45.08
14,6,2,3,38.4
10,0,3,4,20.72
0,2,1,3,35.54
18,6,2,5,51.58
7,3,2,5,71.6
15,6,1,5,19.49
7,1,1,4,78.89
0,1,3,3,16.58
20,6,3,1,54.79
10,0,3,4,21.13
23,5,2,1,27.44
6,4,1,4,38.39
15,0,1,3,49.18
2,0,1,5,10.41
13,5,2,4,24.81
23,0,3,1,52.14
16,1,3,4,38.82
2,4,3,1,23.49
13,5,1,2,45.3
9,2,2,4,60.96
22,6,3,3,24.91
10,3,2,2,36.82
2,1,1,5,12.94
3,1,1,2,21.65
14,3,2,4,38.19
3,4,2,2,35.18
14,2,2,3,36.13
3,0,1,3,37.59
22,5,3,1,15.19
6,6,2,2,23.29
2,5,1,3,16.8
12,4,1,3,53.38
8,6,1,1,78.47
12,6,2,5,16.33
23,4,1,1,53.63
14,0,1,1,49.69
0,0,1,2,33.62
6,6,2,3,32.07
21,5,3,1,30.22
18,4,2,1,62.39
0,0,1,4,31.81
4,0,2,1,36.04
1,3,1,2,30.0
18,3,3,4,63.17
15,0,2,4,38.95
5,2,1,2,37.09
8,2,2,2,70.6
1,4,3,5,0.0
7,5,2,4,49.8
13,4,2,1,54.38
2,2,2,2,34.35
13,1,3,5,22.04
7,5,3,1,61.17
12,6,3,3,2.21
15,4,2,3,49.19
18,4,2,4,51.08
8,1,1,3,67.1
19,1,1,3,66.04
1,6,2,5,0.0
11,6,3,2,44.29
5,0,1,2,31.26
8,4,3,1,67.77
7,4,2,3,64.62
5,1,1,5,18.82
10,6,3,3,20.61
18,0,3,3,54.74
18,4,1,5,72.97
6,6,2,5,11.05
9,1,2,1,57.55
2,0,1,5,11.58
7,0,3,4,67.01
0,2,3,2,31.8
4,2,3,2,22.21
10,0,1,2,47.21
18,5,1,1,67.43
16,6,2,1,46.61
11,5,3,4,23.06
18,0,2,3,73.44
10,1,1,4,43.24
20,3,3,3,66.91
5,5,3,5,0.0
11,1,3,5,23.43
5,3,2,3,19.43
4,1,3,1,19.7
22,4,2,5,30.82
1,1,3,3,15.42
19,1,3,5,60.86
3,3,1,3,24.35
23,0,1,3,40.63
10,1,3,1,19.01
22,5,3,3,27.33
14,0,2,2,52.77
7,5,1,3,67.98
8,6,1,1,41.83
1,3,2,4,31.71
5,3,2,4,13.88
11,4,2,1,53.87
15,6,3,2,26.68
5,3,1,1,34.9
9,0,2,3,56.57
3,0,2,2,25.01
12,1,3,1,55.31
17,0,2,5,58.47
19,3,3,1,71.74
13,5,1,5,31.96
13,1,1,1,53.97
10,1,1,4,36.2
22,4,3,5,22.92
8,5,2,3,74.23
7,0,1,4,64.54
18,4,2,2,81.61
1,2,1,4,28.41
2,2,3,5,13.84
15,1,1,1,59.5
6,1,3,3,35.11
2,3,1,3,15.86
12,3,2,3,53.07
2,5,3,4,0.0
5,2,2,3,22.42
5,3,1,3,18.97
14,3,2,2,49.49
8,4,1,2,82.63
22,5,1,1,37.57
21,2,3,4,28.38
18,1,3,1,82.91
12,6,3,4,23.63
17,5,2,5,48.05
7,3,2,1,77.71
12,6,3,1,39.52
16,4,3,5,10.18
21,4,1,1,49.78
14,1,1,2,60.61
6,1,1,4,32.62
2,5,2,2,31.01
20,1,3,3,63.8
10,5,1,1,36.0
12,4,2,5,28.62
10,6,2,5,15.12
14,6,1,5,16.23
18,4,2,1,63.48
13,1,1,5,47.76
18,4,1,1,73.22
18,6,1,3,57.07
17,2,2,3,52.77
12,5,2,5,14.89
19,3,1,2,74.42
8,3,1,5,73.14
19,5,3,4,58.08
1,3,2,2,24.49
1,5,2,3,28.02
11,0,2,3,47.85
9,2,2,1,67.4
7,1,2,4,40.0
10,2,3,4,43.33
19,5,1,2,63.88
14,1,2,4,21.84
16,6,2,1,38.18
16,6,1,1,54.52
9,5,3,4,56.07
4,6,3,5,0.0
0,1,1,2,39.76
1,1,1,4,26.83
1,2,3,2,31.07
8,2,2,5,57.25
12,5,1,1,40.83
7,2,2,5,54.5
14,1,2,5,23.97
17,2,2,2,77.75
8,5,3,1,41.46
9,0,2,1,69.21
5,6,3,2,7.09
7,5,1,2,61.17
8,5,2,5,46.44
0,6,3,1,21.14
15,1,3,2,52.35
19,6,1,2,62.44
8,4,2,3,57.08
13,3,2,4,42.53
8,1,2,3,57.14
21,4,3,4,23.2
18,0,1,5,69.4
21,6,2,5,7.25
20,4,3,3,65.84
9,5,1,4,44.33
2,2,2,3,15.19
8,2,3,3,62.56
6,1,3,2,27.26
1,6,3,4,3.52
21,2,3,2,39.84
23,0,3,4,29.42
9,2,2,4,61.79
12,5,1,5,35.91
22,4,1,3,41.0
23,5,1,5,16.56
20,6,2,3,60.98
16,2,1,5,34.35
5,2,1,4,20.39
4,5,2,5,0.32
5,5,2,1,9.38
7,2,1,3,64.7
13,6,2,3,18.78
8,4,2,4,74.0
3,3,1,5,5.05
18,4,1,4,64.46
6,4,1,4,29.25
16,2,2,1,47.16
4,1,1,3,22.64
13,4,2,2,59.98
10,6,3,2,24.61
2,3,2,2,32.23
10,5,1,1,28.32
14,2,1,2,72.16
18,6,1,4,50.5
2,1,3,4,12.48
20,3,2,4,70.07
15,3,1,1,53.31
17,1,3,3,63.52
0,2,3,2,23.96
0,5,1,2,25.35
7,5,2,3,53.82
4,0,2,5,17.71
18,2,1,1,97.68
1,2,2,4,10.54
23,4,3,5,9.04
10,3,3,2,39.29
10,3,2,2,65.64
5,6,2,1,8.57
7,1,3,2,83.11
6,5,1,5,33.42
16,1,1,3,35.57
22,5,1,4,29.55
20,2,3,5,68.03
1,4,1,1,26.97
20,6,1,1,68.37
22,0,2,4,25.35
12,0,3,3,26.88
15,5,1,2,39.81
22,5,3,1,15.21
9,3,3,1,65.27
21,4,2,5,18.84
19,5,1,4,61.87
3,4,3,5,0.0
3,2,1,1,32.65
15,1,3,2,51.67
8,6,3,2,44.05
11,5,2,3,32.99
5,0,3,4,19.82
6,5,2,3,15.32
7,0,1,1,88.38
3,6,3,4,3.35
4,0,3,1,14.36
23,5,1,3,29.55
20,1,2,3,74.47
8,3,1,1,75.61
5,6,1,3,19.31
11,6,3,3,17.63
13,5,1,1,41.35
1,0,1,2,23.69
10,2,2,5,24.11
8,5,1,3,52.77
10,1,1,4,29.12
12,3,2,4,44.89
22,6,2,4,28.73
20,6,1,1,74.87
4,5,3,1,1.26
5,0,2,5,7.47
15,6,3,4,29.7
5,4,2,3,21.13
19,0,3,2,93.55
15,3,1,4,43.15
14,0,1,3,46.54
20,2,1,5,62.53
23,4,3,5,21.07
7,5,2,5,43.78
16,5,3,5,15.66
3,3,3,2,32.65
15,2,3,4,23.71
4,6,3,5,0.0
1,0,3,2,10.31
16,6,2,4,24.06
5,0,2,3,11.17
7,2,2,1,52.78
16,1,3,4,28.11
12,6,1,1,59.94
14,3,3,4,29.95
2,6,2,4,11.71
10,0,2,1,40.65
3,3,2,1,24.21
17,4,1,1,87.35
19,4,3,3,62.68
16,4,1,4,37.14
10,2,1,2,52.57
14,2,3,5,19.66
19,3,3,3,72.94
22,3,1,1,43.6
21,1,1,3,33.95
11,6,3,3,29.29
17,4,2,1,67.81
1,1,2,2,30.23
22,5,3,4,14.93
3,2,3,2,33.69
6,0,2,2,48.8
14,6,1,3,34.8
3,6,2,1,21.54
20,6,3,5,56.12
3,6,2,4,9.46
21,4,3,2,40.08
15,0,3,1,29.51
17,3,3,4,51.48
16,6,1,5,17.56
5,5,1,1,15.12
12,5,3,5,13.5
10,4,2,4,30.45
19,5,1,3,69.24
12,2,2,4,34.44
4,1,2,5,13.89
22,5,3,3,20.52
22,4,2,5,9.2
20,1,1,2,77.49
19,5,2,3,58.85
21,1,3,2,30.32
16,4,3,3,34.8
22,0,2,5,37.25
15,4,3,4,39.75
21,5,3,3,18.29
13,6,1,5,36.93
3,0,2,2,31.19
1,5,1,2,22.3
8,6,1,3,55.09
21,2,1,1,42.58
22,6,2,2,31.89
17,0,2,4,66.36
3,4,3,5,6.28
7,5,3,5,40.02
12,1,3,3,38.5
22,5,1,4,34.53
12,3,3,3,42.6
17,0,1,3,63.12
6,4,2,2,24.57
20,5,3,3,62.47
18,4,3,5,44.06
6,6,3,2,28.2
9,3,1,1,65.64
5,1,3,5,0.0
3,3,1,4,24.33
8,4,2,2,81.07
5,4,2,1,20.39
10,3,3,2,19.27
1,1,2,5,5.63
1,6,3,5,0.0
21,2,2,5,13.17
17,2,1,3,76.47
16,1,1,5,29.88
2,6,3,2,19.63
13,4,3,4,30.96
2,2,1,2,27.22
21,2,2,3,44.57
9,1,3,5,48.73
15,4,3,1,39.78
3,5,2,4,0.0
7,5,3,5,36.45
7,0,3,3,52.92
12,6,1,4,28.62
8,4,3,3,73.69
0,4,2,5,0.0
16,3,2,1,27.09
9,5,1,3,71.77
16,0,1,2,48.33
17,4,1,1,74.65
6,5,3,2,38.32
21,3,1,2,45.16
17,6,3,4,64.61
20,6,1,2,80.42
0,3,3,3,11.1
1,0,1,1,47.26
5,6,2,5,0.0
2,4,1,3,30.94
13,3,2,4,37.39
13,2,1,4,50.41
21,0,3,1,47.49
20,5,3,1,60.26
23,4,1,1,38.97
11,4,1,3,48.68
21,2,3,1,29.58
9,6,2,4,66.11
12,6,3,1,31.09
15,1,3,2,42.08
4,5,2,5,1.48
9,5,1,3,49.22
21,6,3,3,12.23
0,4,3,2,34.6
3,0,1,5,9.74
19,3,3,5,46.62
2,2,1,3,29.29
6,3,3,5,29.49
4,1,1,2,40.75
19,6,2,2,77.97
3,1,3,5,0.0
1,6,3,4,0.0
20,4,1,3,87.01
21,0,2,1,37.42
6,5,3,4,12.99
10,2,1,2,60.63
3,2,3,1,24.45
6,2,2,4,33.65
10,4,3,3,47.32
22,4,1,5,24.85
18,2,2,4,72.42
5,0,2,2,30.46
7,5,3,4,47.15
8,6,2,2,77.23
21,5,2,4,24.06
14,3,2,3,44.31
15,4,1,2,63.58
20,4,1,3,72.08
4,4,1,3,18.29
23,5,1,1,26.64
0,6,3,1,0.0
18,4,2,5,76.45
6,0,3,3,21.17
17,4,2,2,78.23
11,3,1,5,32.79
23,6,2,2,37.46
14,4,3,1,46.53
12,2,3,1,46.88
21,1,3,2,35.34
16,1,2,2,43.66
5,4,3,2,27.26
23,5,2,3,23.01
1,1,2,2,42.86
2,2,2,2,33.93
1,5,1,5,10.88
11,3,2,4,40.3
1,0,3,3,24.39
3,5,3,3,6.45
23,2,3,5,9.63
18,1,2,4,68.2
11,4,3,1,34.79
16,2,2,2,40.77
16,3,2,3,39.69
15,6,2,5,29.91
0,4,1,4,20.17
5,1,1,5,17.47
20,2,1,2,98.62
5,1,2,5,11.93
22,6,1,2,60.81
13,6,2,1,39.52
15,5,2,4,10.91
6,4,1,4,41.03
0,1,1,2,38.05
18,4,1,2,95.32
20,4,1,5,70.39
4,0,1,3,23.89
5,4,2,5,0.21
18,5,1,3,63.33
2,1,2,5,3.2
15,6,2,2,35.36
7,6,2,5,49.71
4,6,3,2,28.36
19,5,3,3,58.16
5,5,3,3,0.0
14,4,3,1,43.56
7,3,2,2,84.57
3,0,1,5,10.12
16,5,2,2,33.93
19,0,1,4,70.12
19,4,1,5,58.72
16,6,1,1,40.19
15,5,1,5,24.03
17,6,1,4,63.36
16,3,2,1,32.9
22,4,2,2,41.5
15,6,2,3,35.78
18,6,3,5,42.02
3,3,1,3,38.82
15,6,1,1,36.8
9,4,3,4,56.8
8,1,1,1,82.46
18,4,1,5,53.65
0,3,3,2,10.91
22,6,2,4,7.79
11,0,1,4,50.1
20,4,2,3,65.59
17,3,3,3,85.47
19,2,3,4,55.49
6,3,3,5,21.48
15,1,2,5,42.34
17,3,2,3,86.05
18,2,3,4,76.49
23,1,3,1,44.67
23,1,2,2,53.19
3,1,3,4,14.74
10,6,3,5,16.23
22,5,3,1,20.59
5,3,3,1,13.45
2,6,1,4,9.97
19,3,1,1,78.64
8,1,2,1,66.37
19,0,3,4,65.57
12,4,3,5,32.64
9,5,3,1,55.71
5,5,2,4,16.82
0,1,3,5,0.0
9,1,1,5,58.45
16,4,3,2,34.27
19,1,3,1,55.07
11,1,3,1,39.34
5,0,2,4,14.03
11,5,2,4,37.11
18,1,3,1,75.05
23,5,1,1,26.81
17,2,3,5,69.83
18,2,2,3,79.77
7,4,1,4,69.66
12,4,1,3,43.19
5,3,3,1,12.32
17,0,3,3,62.02
10,0,3,3,38.71
17,6,3,3,70.08
22,3,2,5,37.35
15,6,1,3,31.09
14,5,2,5,11.04
0,3,1,3,26.13
2,3,3,2,10.85
21,5,1,3,32.59
13,2,3,5,23.82
0,5,2,2,16.27
9,0,2,3,52.24
2,4,1,4,24.11
10,2,1,5,25.74
8,1,3,2,60.64
15,5,1,2,22.02
23,1,2,2,44.78
7,1,1,5,74.18
11,1,1,1,63.29
2,5,3,4,0.0
19,0,3,1,65.18
15,2,3,3,38.75
15,4,2,4,27.01
5,6,3,3,7.41
12,1,3,2,51.13
1,4,2,4,24.82
17,0,3,3,64.2
12,6,3,2,33.37
14,0,3,5,17.98
14,2,3,1,33.38
0,5,1,4,8.19
18,0,2,3,72.94
19,6,2,2,77.31
17,2,1,3,68.57
15,4,2,3,51.94
5,3,2,2,27.83
13,5,2,3,29.83
12,2,2,2,44.02
18,1,3,2,55.61
3,5,2,2,27.07
17,3,2,2,85.89
4,6,3,2,12.75
15,6,1,2,45.54
13,3,1,5,39.13
17,5,2,4,42.5
9,2,3,5,45.77
1,3,1,2,41.35
1,1,2,4,4.97
20,0,2,3,72.35
8,2,2,5,44.15
17,6,2,3,63.73
0,3,1,3,24.71
21,4,1,5,17.08
18,5,3,5,54.32
5,6,2,3,4.12
10,5,3,4,8.52
23,3,1,4,36.6
19,2,2,2,89.19
5,5,2,4,0.0
20,4,3,4,60.49
2,0,1,3,28.43
7,2,2,3,70.54
22,2,3,4,26.41
8,3,2,5,52.06
16,3,2,2,38.38
5,6,1,2,25.69
23,1,3,3,21.42
23,5,3,1,1.63
6,1,2,1,43.49
3,0,2,5,17.23
1,0,2,5,0.0
2,0,2,5,1.92
4,0,3,4,14.95
9,1,1,3,86.46
14,5,1,2,45.17
16,6,1,1,29.18
1,5,2,3,8.54
15,3,3,3,46.0
17,3,1,5,59.83
5,4,3,4,3.61
20,5,3,5,41.14
13,4,3,5,17.37
9,2,2,5,55.98
7,6,1,4,68.0
9,2,2,3,67.58
4,2,1,1,27.98
16,6,1,3,27.67
9,3,3,1,52.49
22,3,2,3,42.06
0,6,2,3,9.38
19,1,1,5,63.56
11,1,2,5,55.54
13,3,1,2,57.39
22,5,3,4,8.99
12,1,2,1,41.59
13,5,1,5,34.19
19,6,3,3,55.91
9,5,3,5,28.49
8,3,1,1,82.35
5,1,2,1,19.65
20,3,3,4,74.99
8,5,3,4,53.64
6,2,1,2,46.42
1,4,1,2,45.25
3,2,2,2,30.54
22,3,3,1,41.82
7,0,1,1,78.88
15,1,2,4,28.23
9,6,2,3,49.85
14,5,1,3,43.24
2,6,1,1,17.32
8,6,2,1,56.77
17,3,1,2,77.36
8,6,2,1,63.39
3,6,3,2,31.5
12,6,2,2,31.46
23,0,1,4,35.19
23,6,1,5,31.3
21,1,2,4,29.36
21,2,2,2,48.62
20,5,1,5,46.5
16,0,2,4,33.43
20,2,1,3,73.5
1,6,3,2,22.89
3,1,3,4,19.5
10,0,1,3,60.72
18,0,2,2,84.64
0,0,3,4,12.61
22,4,1,3,41.56
2,1,1,4,17.17
2,5,3,3,7.71
20,0,1,3,72.64
20,1,3,5,56.35
3,1,2,2,40.54
10,4,3,3,21.95
14,5,1,1,49.12
22,3,2,2,55.54
8,0,2,4,59.06
17,2,3,4,43.03
6,4,1,5,25.14
11,2,3,4,40.38
8,6,3,5,39.82
5,0,3,2,17.01
14,2,2,5,25.96
11,3,1,5,41.72
12,5,1,1,44.37
19,6,2,5,48.09
7,2,3,1,62.07
21,4,2,2,41.87
16,5,2,5,7.62
4,4,2,3,32.92
13,5,2,1,32.42
3,4,3,1,29.74
1,6,1,2,37.17
1,1,1,4,27.99
6,0,1,5,26.55
20,6,2,4,58.23
16,4,3,5,19.81
8,0,2,2,67.77
19,5,1,1,72.59
6,5,2,1,20.57
14,6,3,1,39.5
11,4,3,4,26.28
11,6,3,1,31.61
19,2,3,1,72.27
23,0,2,1,37.93
6,4,1,1,49.69
23,1,3,4,21.2
6,1,3,2,46.97
18,5,1,5,44.23
23,4,2,1,41.01
20,4,2,4,80.51
22,5,2,1,22.0
5,6,1,5,0.0
12,4,2,2,54.11
17,4,2,3,71.44
10,4,2,3,37.81
13,6,3,4,23.91
23,2,3,2,45.08
18,4,1,4,78.88
17,5,2,3,63.28
14,3,2,1,43.07
23,0,2,5,30.38
0,4,1,3,40.2
0,2,1,2,33.94
10,0,3,3,22.2
17,4,3,5,63.86
18,1,1,1,79.04
14,2,1,2,37.62
8,2,3,2,76.78
7,2,2,1,65.72
18,3,3,2,74.28
23,0,3,3,32.66
15,1,2,5,31.52
3,4,3,3,20.68
1,5,3,4,0.0
2,6,1,3,19.1
11,6,2,4,22.92
3,6,1,5,10.91
0,5,3,4,4.92
1,2,3,1,12.52
10,4,3,2,48.69
10,4,3,2,35.71
4,0,3,4,16.46
14,6,3,5,17.94
16,0,1,4,49.71
9,6,2,2,63.21
4,2,1,4,17.21
18,5,1,5,54.84
12,2,1,4,37.57
16,3,3,2,46.4
4,3,3,2,12.07
15,3,3,5,16.57
6,4,3,5,11.46
7,1,1,3,77.6
13,2,3,5,38.68
2,0,3,4,9.16
13,2,2,2,48.65
10,2,3,1,35.56
9,1,2,5,64.3
14,4,1,4,32.58
1,6,1,2,26.91
21,2,1,1,52.8
3,5,1,2,29.01
19,1,2,1,76.52
10,5,1,3,38.01
14,3,1,3,23.37
6,5,3,2,35.42
6,4,3,3,24.77
17,3,3,2,60.35
22,5,3,1,29.09
12,4,3,5,35.99
1,2,1,1,28.9
9,1,3,5,57.62
8,0,2,1,82.9
2,3,3,3,25.52
21,6,3,3,33.12
3,0,2,4,20.94
7,3,3,1,65.6
10,3,3,5,7.18
2,1,1,5,13.03
14,4,3,1,33.25
1,1,3,3,32.37
10,3,2,2,43.59
0,2,3,3,15.99
11,5,2,2,44.41
16,2,1,3,40.35
12,6,1,5,38.56
8,1,1,3,65.02
12,5,1,1,41.56
23,3,3,5,14.06
20,5,1,4,49.44
7,4,1,4,60.11
9,4,2,4,59.7
17,1,1,2,81.57
18,4,3,2,69.46
4,2,3,5,0.0
4,3,1,5,14.34
5,2,1,5,2.96
17,5,1,2,81.08
10,6,1,1,35.66
10,3,2,3,23.34
14,5,3,3,22.53
4,6,1,1,13.98
4,1,1,5,17.55
19,2,3,5,65.72
19,1,3,2,60.0
7,5,1,3,60.92
2,5,2,2,18.72
16,6,3,4,20.37
22,5,2,2,36.71
12,3,2,2,43.98
5,1,1,1,27.45
13,6,1,3,28.63
13,1,3,2,53.61
6,0,1,4,35.17
19,3,3,3,80.21
14,1,2,4,34.51
1,4,3,4,4.33
23,2,2,5,12.89
23,4,3,5,5.57
16,5,3,1,12.33
16,0,2,4,32.14
1,1,3,5,9.07
12,5,1,5,12.35
12,4,3,1,47.16
6,2,2,4,26.14
9,6,2,4,51.17
5,3,2,5,22.9
1,5,3,2,22.17
14,6,3,4,17.85
2,5,3,1,2.87
5,6,3,5,0.0
4,3,2,3,14.25
14,0,1,4,38.31
18,5,1,4,52.1
2,2,2,2,28.95
22,5,1,1,35.61
3,5,2,3,8.2
2,4,3,4,4.8
23,6,3,5,11.35
5,3,3,4,13.54
1,6,1,3,6.28
18,6,3,2,76.29
5,6,1,2,24.21
22,0,2,3,35.15
9,5,2,3,60.67
20,1,1,2,86.87
6,0,3,3,37.63
0,3,2,4,17.3
17,6,1,5,50.1
15,1,1,5,37.89
21,3,2,4,20.85
14,0,3,5,25.87
0,1,3,3,14.73
19,5,3,2,63.34
1,1,1,1,28.97
20,2,1,2,69.95
1,5,3,5,0.0
9,2,1,1,75.74
3,3,1,2,36.28
21,2,3,5,11.78
18,6,3,2,75.13
14,5,3,3,18.07
1,0,2,3,27.76
11,3,1,4,43.42
17,0,2,4,59.83
4,0,3,3,29.2
10,4,2,5,15.45
6,5,1,5,27.35
1,0,3,5,13.0
2,3,3,5,0.0
22,2,2,5,36.14
10,2,3,5,18.0
19,2,1,5,67.31
18,3,3,4,62.08
15,6,1,5,23.93
7,5,2,2,71.49
0,0,1,4,26.35
20,6,1,2,61.01
19,3,2,1,85.43
10,2,3,2,26.7
0,5,1,3,23.26
8,6,1,3,69.01
9,4,3,3,51.27
0,0,3,3,11.71
10,3,3,5,11.15
19,0,1,2,83.28
10,6,2,4,17.54
15,6,1,2,51.24
15,1,3,4,40.48
17,2,2,4,76.17
23,0,3,3,25.5
18,5,3,3,53.33
17,4,1,2,71.53
18,5,2,3,53.55
2,1,2,1,32.72
10,3,3,5,32.92
5,4,3,4,0.13
5,4,1,3,20.26
22,6,2,1,29.79
8,3,1,4,67.24
7,2,2,3,58.52
6,4,2,2,48.39
3,2,1,2,31.21
2,3,3,1,19.88
15,4,1,2,59.37
10,3,3,5,20.05
9,6,2,2,61.51
3,6,3,2,14.12
6,5,1,4,24.29
12,5,3,1,27.04
0,2,1,5,12.93
2,2,2,1,37.79
3,4,3,3,19.49
0,4,2,2,27.64
10,1,1,3,45.58
8,4,2,4,57.33
21,0,2,2,54.38
5,2,1,1,32.96
19,4,3,1,69.14
6,4,2,5,28.58
10,2,1,3,27.43
18,1,1,1,70.99
9,4,2,5,45.45
14,0,1,1,51.14
15,5,1,1,53.86
12,0,1,4,57.85
12,1,3,5,30.1
18,5,3,4,54.01
19,2,2,3,55.59
6,5,3,5,5.66
2,6,2,5,0.0
4,0,3,4,5.03
3,3,2,4,13.65
15,1,1,2,51.22
19,2,2,4,49.17
5,5,3,3,10.98
10,3,2,1,31.42
2,3,1,3,26.91
15,3,1,3,61.59
11,4,3,2,37.64
16,0,2,1,19.76
10,4,3,1,32.71
9,4,2,4,68.81
18,3,1,5,80.67
7,4,1,4,55.16
12,0,2,2,53.97
22,4,2,4,26.28
18,6,2,5,49.15
22,1,1,1,66.15
23,5,3,4,2.98
3,4,3,4,12.03
10,4,1,4,38.74
5,2,2,1,33.69
19,0,3,5,55.78
12,2,2,1,47.46
2,1,1,5,11.87
20,6,1,2,77.15
21,1,2,5,22.25
9,3,3,5,54.97
14,1,1,3,42.04
9,4,3,3,63.02
13,5,2,1,34.77
18,0,3,5,64.01
12,6,1,3,34.59
1,2,3,1,5.82
0,5,3,3,15.1
3,6,2,1,7.75
7,3,3,5,44.77
12,5,2,4,20.23
12,3,2,5,41.0
6,5,1,4,7.91
4,1,3,4,35.1
11,6,2,2,48.45
9,6,3,2,61.79
4,0,1,1,29.56
4,5,2,4,7.28
4,0,1,4,24.17
14,6,3,5,20.16
13,4,1,4,44.44
16,3,3,4,25.72
12,2,1,2,53.42
13,4,1,5,33.79
15,6,3,2,33.44
22,4,2,4,39.07
17,4,2,1,79.75
1,4,2,3,0.0
3,4,2,1,30.25
4,5,3,5,0.0
8,3,3,1,64.85
16,4,1,2,46.89
15,5,3,1,38.99
21,5,3,5,17.58
9,4,1,3,63.82
17,6,1,4,63.26
14,4,2,5,22.23
23,2,2,3,23.96
9,2,1,1,69.99
22,4,3,3,36.9
23,6,3,3,27.63
1,5,2,5,4.1
5,4,1,3,30.8
23,4,1,3,44.13
15,0,1,5,29.87
2,6,2,3,13.46
4,4,2,3,26.4
8,0,3,1,71.03
19,1,3,2,84.51
21,3,2,2,50.67
8,6,3,2,62.81
15,1,3,1,48.56
10,0,1,5,29.79
4,6,2,4,0.0
12,1,3,4,28.7
23,5,1,2,34.04
18,5,2,1,59.6
20,2,1,1,78.84
5,3,2,4,8.66
9,3,3,5,47.54
7,3,3,4,39.85
15,2,1,5,36.71
13,0,2,4,35.01
12,5,2,5,13.46
21,0,1,5,35.27
20,2,2,5,67.5
20,6,2,3,47.14
8,2,1,3,63.9
20,4,2,4,58.85
21,5,1,5,12.48
6,4,2,2,51.64
10,4,1,1,43.45
2,0,2,1,22.88
16,0,3,4,8.97
11,1,3,3,40.08
8,1,1,1,65.09
19,0,1,5,65.48
21,6,1,5,22.22
20,0,3,1,80.89
2,6,3,2,4.53
12,5,3,5,0.0
5,0,3,2,26.47
8,2,2,1,84.4
20,3,2,4,74.91
22,5,2,3,26.68
5,6,1,3,11.07
1,3,2,3,26.46
1,2,2,2,22.21
14,0,2,2,53.81
19,3,1,4,74.04
3,1,3,4,18.48
6,4,3,1,57.08
14,5,2,1,38.14
1,0,1,5,10.93
23,2,2,1,39.8
15,1,3,1,25.85
1,5,2,3,4.44
4,5,2,4,1.73
18,0,3,4,55.81
15,3,2,1,46.22
17,1,1,4,63.42
22,6,2,1,38.97
18,4,2,3,70.0
21,2,2,1,39.93
20,5,1,3,62.38
17,6,2,1,66.24
14,6,2,2,46.6
5,4,1,4,13.06
21,1,2,4,24.74
3,5,3,3,2.57
15,0,3,4,19.23
23,1,1,1,38.45
6,0,3,5,16.19
7,3,2,1,77.0
17,5,2,4,57.1
17,6,2,1,66.55
1,2,1,3,31.81
23,0,2,1,38.9
6,6,3,5,13.12
14,5,3,2,34.17
23,4,1,1,47.12
1,5,1,4,5.34
20,0,2,5,40.49
1,1,3,2,23.93
0,1,3,1,31.38
9,6,1,4,62.41
19,1,3,1,77.72
3,0,2,5,19.89
19,1,1,2,85.71
13,2,3,4,31.58
10,0,3,5,15.06
17,1,2,2,77.47
1,4,1,3,29.93
2,0,2,2,39.63
13,1,3,3,33.88
17,1,2,2,76.4
18,0,1,1,80.0
20,4,2,2,84.81
0,3,1,1,18.45
0,1,1,5,0.0
9,3,3,4,50.6
22,1,1,2,40.23
20,2,3,4,55.93
13,1,1,5,33.82
22,0,3,2,36.37
22,3,3,1,46.62
20,6,2,3,62.61
13,0,3,2,47.4
6,0,3,1,39.98
19,2,3,5,45.89
7,3,3,2,78.31
8,0,1,1,74.39
4,5,2,4,10.36
5,1,3,1,11.43
1,5,2,3,0.0
6,3,2,3,41.54
19,6,2,1,68.01
3,5,1,5,0.0
5,1,1,4,13.04
16,0,1,2,59.0
23,3,3,5,10.48
10,3,1,3,53.14
7,6,1,3,52.8
7,0,1,4,70.11
6,3,1,1,42.37
15,4,2,1,49.83
13,1,1,5,30.65
14,1,2,3,38.7
4,3,3,2,25.33
20,2,2,2,71.98
10,1,1,5,35.93
1,2,1,1,25.89
14,3,2,2,48.17
10,1,2,5,17.05
5,6,3,5,0.0
5,4,3,2,23.47
2,3,3,4,29.3
6,4,2,4,36.28
8,0,3,4,54.85
23,6,1,2,37.9
10,3,3,2,40.18
18,1,3,1,74.38
13,0,1,4,30.55
23,6,3,1,33.91
13,4,2,4,40.72
22,6,1,4,30.75
15,1,1,5,38.51
0,5,3,4,0.16
6,1,2,3,40.38
7,5,1,1,69.73
15,5,2,2,37.17
22,3,3,5,15.41
0,3,2,2,30.81
22,3,1,3,52.39
20,3,3,1,60.09
20,0,2,3,58.26
16,0,2,4,31.32
8,5,3,5,40.41
18,6,1,1,71.39
19,2,3,1,71.95
16,5,2,1,28.21
3,3,2,4,26.92
19,0,2,3,57.19
5,5,3,1,3.37
17,5,1,2,74.17
10,1,3,1,21.85
20,3,3,5,53.59
22,1,3,2,53.29
10,2,2,5,25.17
21,3,2,1,41.85
2,2,2,4,4.92
15,4,3,1,35.07
15,5,3,5,12.0
9,3,3,3,57.46
21,5,1,2,50.25
14,0,1,4,44.46
5,2,1,1,21.11
5,2,1,2,36.97
15,1,1,5,38.99
20,0,2,4,74.12
21,4,1,4,47.64
11,3,2,1,36.88
9,1,1,1,68.51
7,6,3,3,39.94
13,4,2,3,38.13
15,4,3,5,28.73
17,3,2,3,77.9
18,1,2,2,79.39
8,1,2,3,62.44
9,6,1,2,71.21
11,2,2,2,43.32
19,1,3,5,71.72
9,1,1,2,67.14
5,1,1,1,31.48
10,4,1,4,51.19
8,2,1,2,80.05
17,5,1,3,63.48
11,1,2,4,32.14
17,1,3,3,63.56
3,0,2,4,25.98
4,3,2,2,12.31
0,5,3,5,7.27
10,5,3,3,8.61
15,2,3,2,42.87
18,5,2,3,56.57
22,0,3,4,29.71
1,1,3,5,0.0
3,2,1,4,23.7
19,6,1,4,76.19
11,0,2,1,34.09
19,5,1,5,56.52
16,1,2,2,39.7
0,0,3,4,13.41
21,5,1,5,20.15
12,1,2,3,34.87
19,4,3,1,73.9
21,2,2,2,59.43
22,6,2,3,23.47
12,2,1,3,50.76
11,2,2,4,24.65
17,0,1,4,62.35
23,3,2,3,38.78
5,6,3,4,11.87
23,3,1,5,32.84
19,0,1,2,82.5
9,3,3,3,59.99
2,4,2,1,15.0
0,3,3,3,19.84
13,1,3,4,37.06
22,4,1,2,46.38
5,6,2,3,6.24
17,3,1,3,77.13
18,2,2,5,56.51
23,3,1,1,44.47
0,1,2,3,36.8
20,6,3,4,48.02
3,5,3,3,2.13
13,1,2,2,44.82
0,0,2,4,20.95
2,4,3,3,13.55
18,3,3,4,54.81
8,5,3,4,55.57
22,6,1,3,41.36
16,5,3,1,20.2
8,1,3,1,50.07
4,2,2,2,38.06
11,1,1,3,39.52
11,3,3,3,41.33
1,2,2,5,0.0
20,0,3,2,82.14
20,1,1,5,55.31
5,4,2,3,25.85
21,6,2,3,25.11
21,5,3,3,12.37
3,4,3,3,11.74
4,0,1,5,20.49
9,2,2,4,60.85
10,1,1,2,54.68
4,4,1,2,50.81
17,4,3,5,42.49
17,5,3,1,72.94
13,3,1,1,50.83
4,0,2,3,12.81
9,5,2,2,54.36
14,4,3,3,33.49
5,5,2,1,22.37
23,6,1,2,38.98
4,6,3,2,27.09
22,1,2,2,33.39
6,1,1,4,34.9
22,6,1,1,24.98
0,6,2,4,7.91
1,1,1,1,37.1
21,4,3,1,31.63
15,0,2,1,24.17
2,2,3,1,21.59
3,6,1,5,8.49
6,4,1,2,53.23
21,2,1,1,54.89
4,6,3,3,0.0
18,2,2,2,85.44
16,6,3,5,19.54
7,4,3,1,50.77
3,6,3,1,12.56
16,1,3,2,35.97
9,1,3,1,64.35
23,0,1,5,32.78
22,3,2,5,21.1
5,3,3,1,14.59
5,6,2,4,5.27
13,1,3,2,36.3
13,0,2,1,36.31
14,0,3,2,50.43
15,6,2,3,20.81
17,5,1,1,75.33
10,3,1,4,38.7
9,3,3,3,46.19
21,6,2,2,29.58
17,3,2,4,74.55
6,6,1,4,17.15
21,2,1,1,41.28
21,3,3,1,38.7
12,3,3,1,46.27
3,1,2,4,12.99
22,4,1,2,45.22
2,2,1,3,36.38
6,4,2,1,53.91
7,6,2,4,57.83
8,6,3,5,40.68
18,2,3,4,53.53
11,3,3,5,18.36
12,3,3,3,39.18
4,6,2,1,18.35
3,2,2,4,26.21
7,5,1,1,70.2
3,5,1,1,7.98
15,5,1,2,53.42
12,4,3,3,27.02
4,2,3,5,1.93
3,6,1,5,7.0
15,6,2,2,55.97
9,5,2,4,74.88
16,2,3,3,34.85
17,4,1,1,78.53
13,0,2,4,39.28
10,6,2,4,27.1
14,0,1,2,52.43
17,5,2,2,84.36
15,3,1,3,46.84
22,3,2,1,43.98
18,5,2,5,55.33
21,4,3,4,28.37
15,4,1,5,41.71
1,3,2,4,10.06
18,3,3,3,60.53
9,2,1,1,66.2
18,0,1,3,78.52
11,6,3,5,21.23
0,6,3,3,8.66
12,0,2,3,53.4
11,3,2,1,44.96
21,1,1,2,55.35
20,2,3,1,61.27
22,0,2,1,36.9
10,1,1,5,35.56
10,0,2,4,36.79
18,4,2,3,67.65
0,5,2,5,0.0
0,2,2,5,0.0
12,2,3,1,37.14
15,0,3,2,52.12
10,3,3,3,34.6
5,4,2,3,24.01
13,1,2,1,45.4
17,1,2,3,70.06
1,2,3,4,4.72
7,4,3,1,70.59
22,6,3,1,28.37
18,2,2,1,78.94
18,6,3,4,45.79
13,1,2,1,27.77
20,6,2,5,58.78
9,3,3,5,46.17
10,1,2,4,23.1
8,4,3,4,60.55
21,6,3,2,26.86
0,5,3,5,3.48
5,4,2,2,34.94
21,6,3,4,20.47
8,5,3,5,29.07
13,4,3,1,49.7
16,1,2,4,32.09
4,1,1,3,22.05
13,3,2,1,46.15
20,1,2,3,55.79
9,5,1,3,63.27
21,4,1,4,26.77
7,0,1,2,69.18
0,1,2,4,2.82
15,4,2,4,43.9
20,0,1,2,79.97
8,1,1,3,82.27
8,5,3,2,55.71
20,6,1,4,46.34
0,0,1,3,16.07
19,2,1,4,79.89
11,5,3,1,28.75
12,6,3,2,30.61
7,0,3,5,51.28
3,4,3,5,9.01
16,2,2,1,48.94
7,4,1,3,81.59
10,6,3,4,12.12
23,5,1,4,14.39
6,1,1,2,46.69
6,2,2,4,32.08
8,6,3,1,47.29
15,4,2,1,37.34
10,4,2,4,32.75
21,1,2,2,44.61
11,3,3,3,35.26
9,0,3,5,43.93
1,6,3,1,8.16
22,6,3,2,22.61
8,4,2,3,72.12
20,5,2,1,73.28
17,6,1,4,45.23
12,0,2,3,32.56
9,0,1,3,58.03
6,6,1,4,19.8
20,2,3,4,59.33
1,2,1,4,8.4
15,5,2,3,22.63
22,3,1,2,41.97
22,2,3,1,36.66
11,3,3,5,25.55
23,2,2,1,34.23
1,5,3,2,16.41
20,3,3,2,70.63
0,3,1,3,22.83
10,4,1,1,58.39
5,1,3,2,35.72
19,5,2,3,49.6
14,3,3,2,51.64
8,1,3,5,56.49
10,6,2,2,25.81
2,3,2,2,36.55
12,3,3,2,57.3
0,0,3,5,0.0
20,1,1,4,62.66
6,2,3,2,48.14
1,3,3,4,12.17
19,2,1,1,84.41
11,1,3,1,42.72
0,5,3,4,3.13
14,6,3,4,9.39
3,1,3,2,33.38
6,6,2,3,34.36
23,3,2,2,43.16
13,6,1,5,24.65
6,6,2,2,22.75
13,1,2,2,54.11
0,2,2,2,34.58
19,3,1,3,74.5
18,5,3,4,58.99
2,0,2,2,27.33
10,5,2,2,39.52
22,3,3,4,16.84
23,4,2,1,39.81
3,4,1,1,28.61
10,1,2,3,36.8
19,5,3,1,57.04
0,2,3,5,3.95
12,2,2,3,46.61
4,4,1,5,11.51
5,2,1,5,2.15
15,2,2,2,64.0
2,2,3,5,16.05
13,1,2,1,34.66
10,0,1,4,40.52
8,5,2,4,45.98
9,2,3,3,62.11
16,2,2,2,47.35
10,5,2,2,33.12
17,6,3,4,43.73
1,1,1,1,24.48
7,1,1,4,57.67
8,1,3,4,48.35
13,0,2,1,44.46
14,2,3,5,19.27
15,3,2,1,50.46
23,6,1,1,46.9
11,0,1,3,40.36
5,6,1,5,6.92
8,4,3,5,54.0
6,4,1,5,33.78
18,1,2,1,75.61
7,6,2,1,65.94
10,0,2,1,43.86
12,2,3,1,30.1
10,1,1,1,51.95
14,6,3,4,27.1
14,5,2,5,13.89
21,0,2,1,40.3
20,4,2,3,75.47
23,5,3,2,28.33
6,6,1,3,38.58
10,6,1,1,53.91
17,4,2,1,68.71
12,2,1,2,43.95
12,0,1,2,57.43
5,3,2,3,25.77
20,6,3,2,63.15
3,2,2,4,26.63
23,6,2,5,4.29
4,2,3,1,25.54
11,4,1,4,35.15
14,3,2,3,53.76
18,4,2,1,90.94
13,6,2,5,13.87
5,3,3,4,5.6
2,0,3,3,21.88
14,5,1,2,41.9
15,4,3,5,24.64
2,2,2,4,15.2
2,6,2,3,0.0
4,1,3,3,14.89
7,4,2,3,59.48
18,0,3,1,66.06
1,4,1,5,26.55
13,3,1,4,29.95
21,5,3,3,26.51
11,2,3,1,37.77
16,0,1,4,32.76
5,6,1,4,16.32
1,0,2,3,22.72
10,4,3,4,29.56
21,3,3,3,37.75
10,6,1,2,37.35
5,0,3,5,0.1
8,6,3,1,46.32
13,4,1,1,43.4
12,0,1,2,78.59
20,3,2,4,74.96
21,5,3,4,4.19
9,4,3,3,49.42
22,5,3,4,18.85
9,0,1,2,84.38
0,1,1,1,34.39
22,1,1,2,47.96
15,5,1,2,44.0
13,6,3,5,17.62
6,0,2,4,30.69
4,3,2,1,7.25
3,1,1,4,18.16
15,3,1,4,33.19
18,1,1,3,76.4
18,6,2,1,88.88
10,0,1,4,37.94
13,6,2,5,17.49
19,5,3,3,62.37
1,3,2,4,18.86
16,4,3,5,23.36
21,6,2,2,39.85
22,0,3,1,51.45
13,4,2,5,20.95
2,2,3,4,13.79
15,0,2,5,22.59
20,2,2,4,69.44
0,1,2,2,22.65
15,2,2,2,46.66
16,1,3,3,27.64
19,6,3,4,57.81
4,2,3,4,17.35
13,6,3,3,15.03
15,6,1,5,25.44
6,2,3,1,29.32
21,3,1,2,39.93
6,1,3,4,23.26
3,6,2,4,2.53
9,1,1,5,79.41
1,0,2,3,23.46
11,5,1,2,33.98
16,0,1,3,35.48
13,0,3,2,53.17
3,4,1,4,36.71
8,2,2,1,57.31
17,2,1,5,49.96
19,5,1,1,84.97
14,6,2,1,38.12
3,6,3,5,0.0
3,6,3,1,14.28
16,0,1,1,23.91
6,2,1,3,40.03
22,3,3,4,27.62
23,6,1,2,47.39
20,2,2,2,71.89
3,6,1,4,10.69
13,6,1,2,37.6
15,2,2,5,32.04
5,0,2,3,12.84
22,6,2,3,21.74
20,5,1,2,67.03
16,3,1,2,55.21
13,3,2,4,41.87
16,6,3,3,18.12
0,3,1,1,30.31
22,6,3,1,13.41
2,2,2,4,12.6
5,3,1,4,19.6
1,5,3,2,35.97
18,0,3,5,46.1
9,3,2,5,66.71
9,5,3,3,57.97
11,0,2,5,32.25
19,1,3,4,74.07
14,5,1,5,27.98
19,6,3,4,53.11
22,2,3,4,24.58
6,2,1,1,54.79
17,2,2,2,88.77
16,4,2,2,39.99
2,4,3,3,4.45
16,2,3,2,38.38
0,0,3,5,0.0
8,1,2,4,59.49
16,0,3,1,44.9
11,2,3,5,21.34
11,0,1,1,49.66
14,2,3,1,40.46
14,2,1,5,41.79
18,5,3,5,27.02
19,1,2,3,65.15
9,5,3,5,41.69
21,1,3,4,34.6
16,5,1,1,31.06
10,4,3,2,24.99
11,3,1,2,59.96
22,3,2,1,34.92
2,0,2,2,20.48
15,1,2,1,40.01
11,5,3,4,18.52
18,4,3,4,55.16
8,4,2,4,42.36
14,5,2,4,32.18
5,1,3,2,35.2
15,5,2,2,45.21
22,4,3,1,25.9
22,1,2,4,28.39
1,5,1,5,4.95
11,0,3,4,34.79
3,0,2,5,15.35
9,0,3,2,64.13
3,2,2,3,20.66
9,2,2,1,73.66
4,1,3,4,21.65
1,2,2,2,35.64
5,6,3,4,6.31
0,0,3,3,15.67
2,6,1,4,21.28
15,4,2,5,33.28
14,2,2,4,28.11
23,6,3,2,41.23
4,4,3,4,15.58
14,5,2,2,36.46
23,2,1,5,26.16
21,4,2,4,32.37
7,3,2,5,58.71
1,5,2,3,11.58
20,0,1,1,82.49
18,5,3,3,68.6
17,5,1,5,63.57
2,1,3,5,6.53
18,6,1,5,62.53
16,1,2,5,16.74
0,0,3,5,8.18
5,0,2,2,44.47
7,6,3,5,38.26
14,0,3,5,18.22
10,3,3,1,29.78
15,6,1,3,26.28
13,1,2,1,38.72
16,2,2,3,32.04
2,0,1,5,3.76
5,2,1,2,35.12
8,6,1,2,77.22
9,3,3,2,62.74
1,4,2,2,42.15
0,5,1,3,19.09
12,0,2,2,58.24
13,2,2,4,29.74
3,0,1,2,41.84
19,4,1,4,61.26
16,6,3,4,22.12
3,2,1,3,26.37
14,4,2,1,49.43
15,0,2,2,40.6
0,2,3,5,0.0
21,0,1,5,34.78
20,6,1,3,57.41
18,3,2,1,78.71
20,4,1,2,74.06
11,4,1,2,61.79
17,3,3,4,50.14
1,0,2,5,14.42
9,5,1,1,70.01
1,3,2,5,4.43
8,6,3,4,49.66
11,6,3,2,37.08
18,6,3,3,50.69
1,1,3,5,0.0
18,0,2,1,59.3
12,5,1,2,47.8
23,4,2,4,17.48
6,4,3,3,30.76
21,2,3,3,27.89
22,3,2,2,50.43
21,2,2,2,42.58
14,4,2,1,42.36
22,1,3,1,40.85
19,3,1,1,82.68
21,1,2,5,27.53
22,5,2,4,23.75
17,0,3,1,57.72
17,0,3,4,66.05
21,0,2,4,34.9
19,2,2,2,71.87
22,0,1,4,33.05
11,1,2,1,44.69
7,5,1,3,58.92
21,5,2,2,37.67
2,6,3,3,16.45
22,1,1,4,43.65
11,0,2,4,24.5
22,5,3,2,34.98
0,1,3,4,20.63
3,6,2,5,3.09
16,3,1,5,38.73
6,5,3,5,26.1
21,5,3,5,18.19
5,0,3,2,26.99
23,0,1,3,48.36
18,6,1,5,56.16
23,6,2,2,35.19
21,0,3,5,17.19
19,2,3,5,67.51
14,0,2,1,38.45
10,3,2,3,47.26
3,5,3,4,4.0
15,2,3,1,28.81
23,1,1,3,42.94
13,4,2,3,23.2
0,3,1,3,30.0
2,4,1,2,42.08
22,3,1,2,45.26
6,1,2,3,35.99
2,5,3,1,25.63
0,3,2,1,20.95
18,6,3,3,46.53
8,1,1,4,76.85
7,2,1,3,85.7
16,6,1,1,35.03
19,4,2,1,83.09
20,3,3,1,80.73
2,0,1,4,14.06
10,6,3,1,21.12
4,0,2,1,34.85
9,4,3,4,68.48
2,0,3,1,24.5
17,0,2,4,57.96
12,0,3,4,45.9
7,6,3,5,35.75
0,3,2,4,12.32
13,4,3,1,42.74
10,5,3,1,37.43
14,4,2,5,36.83
6,0,1,1,48.32
19,5,1,5,58.71
6,4,1,5,30.35
8,2,2,4,64.47
23,4,2,2,24.76
7,1,1,1,72.63
4,2,3,4,11.93
16,5,2,3,15.79
18,4,1,2,88.09
15,2,3,3,33.36
9,2,1,5,74.04
18,5,3,2,77.58
1,1,3,5,1.27
1,3,2,2,28.79
6,5,1,1,34.41
10,1,3,4,21.39
22,5,2,5,16.56
22,2,3,5,13.93
10,4,2,4,20.96
10,1,1,4,39.98
1,3,1,1,35.04
20,1,3,2,68.57
14,4,1,2,62.16
15,5,2,4,19.95
6,3,1,1,47.03
11,0,1,3,51.56
0,4,1,2,34.73
9,3,1,5,63.64
11,0,1,2,50.87
6,2,1,2,48.43
8,5,1,3,58.35
17,1,1,2,79.03
0,1,2,1,23.59
0,6,3,2,2.61
12,5,1,3,31.07
6,2,2,2,42.72
11,6,2,2,37.95
16,6,3,4,13.07
22,0,1,2,49.51
4,6,1,2,28.84
17,3,3,3,72.0
10,4,2,2,39.8
1,6,3,5,0.0
6,6,3,3,11.66
4,2,1,1,26.1
20,6,2,2,67.18
16,4,2,2,38.84
23,0,2,5,14.63
2,1,3,4,6.35
20,6,3,3,56.45
15,4,2,2,54.76
10,5,2,5,10.54
22,3,3,4,21.7
15,2,3,4,22.59
20,6,3,1,59.75
6,1,1,4,28.21
7,3,1,3,74.59
13,3,3,2,30.71
11,2,3,1,37.12
4,6,1,3,17.41
14,4,2,2,51.47
18,0,2,5,81.54
19,2,2,4,67.8
14,3,2,3,31.97
15,2,2,4,34.24
0,1,2,2,15.79
8,5,1,3,59.36
2,2,3,5,0.0
17,5,1,3,72.32
7,0,1,1,70.6
11,0,3,2,44.07
10,1,3,3,24.92
8,2,3,3,73.91
6,5,3,2,27.43
22,5,3,3,34.66
0,6,2,3,16.51
11,6,2,4,28.86
18,6,3,1,62.95
15,5,3,2,38.15
12,1,1,2,39.58
15,1,3,5,22.77
17,6,2,4,61.76
10,6,1,3,29.61
6,3,3,4,13.76
6,3,2,5,24.58
0,2,1,5,28.63
4,2,3,1,29.98
15,6,3,3,24.5
10,1,2,4,37.61
21,6,2,5,12.07
9,2,3,1,51.37
18,6,1,2,67.6
4,2,3,5,17.5
19,4,2,4,62.81
6,3,1,5,28.05
12,1,2,1,42.6
10,4,2,3,50.23
2,1,1,5,28.01
5,0,3,5,22.75
15,0,1,2,53.73
2,3,2,2,32.36
7,2,3,5,37.87
2,3,1,3,36.82
16,0,1,3,30.66
13,3,1,1,51.73
4,4,2,4,6.22
23,0,2,2,40.29
4,6,1,3,8.3
13,6,3,4,15.14
5,4,3,3,10.69
18,1,3,4,55.61
8,1,1,2,86.67
14,0,2,5,21.16
7,4,2,5,56.76
15,3,2,5,39.74
1,5,1,3,10.89
20,3,2,3,64.26
12,4,1,4,38.16
7,1,3,4,64.44
14,3,3,2,46.55
22,4,1,4,30.75
22,0,1,2,53.87
8,5,3,3,41.18
21,0,3,2,45.45
15,3,3,1,43.27
11,0,1,5,32.54
10,3,2,2,38.29
8,1,3,1,57.91
14,0,1,4,44.28
12,2,3,4,39.83
6,3,1,1,39.9
8,0,3,2,73.67
10,5,3,4,0.0
15,3,1,1,45.32
17,5,1,4,59.75
4,3,2,2,22.72
5,6,1,5,0.0
3,1,2,1,19.66
17,5,2,2,72.34
2,5,1,3,13.5
4,3,2,2,12.09
6,5,1,5,3.03
6,3,3,1,30.15
20,6,3,1,63.66
12,5,2,4,3.02
1,4,1,1,26.0
12,6,1,2,40.79
11,1,1,1,61.11
0,3,1,1,26.92
10,6,1,1,38.06
7,0,3,2,71.13
23,1,1,4,17.96
16,0,2,3,41.15
17,5,1,5,56.72
6,4,2,4,34.07
3,1,1,1,61.41
11,2,1,1,33.33
12,5,2,1,48.8
12,1,2,2,47.7
2,5,2,5,2.3
11,0,1,2,54.64
13,2,3,4,26.61
3,5,3,5,0.0
5,2,1,5,17.64
10,5,3,4,2.86
21,6,3,2,36.0
10,1,3,3,26.67
21,3,1,3,30.96
0,4,3,4,6.4
12,4,3,2,55.06
16,4,3,1,30.72
7,0,3,1,67.87
9,1,3,4,49.15
7,4,1,1,81.06
4,2,2,3,25.48
6,1,2,2,59.79
20,0,1,5,63.6
14,5,2,2,45.35
8,2,3,1,65.78
16,6,2,3,35.37
0,1,3,3,9.25
10,1,1,5,35.96
1,5,1,2,23.44
19,6,2,5,49.49
10,1,2,1,40.73
2,6,2,1,17.02
6,0,3,2,39.07
6,1,1,2,51.72
18,4,1,2,97.62
16,0,2,4,37.88
9,1,3,2,76.95
7,3,1,5,56.36
7,2,2,5,47.89
14,5,1,3,42.64
15,0,2,4,42.01
12,1,2,4,46.78
13,4,3,4,25.17
4,6,2,1,13.16
12,3,1,3,31.88
19,4,1,5,61.86
23,1,2,4,37.97
14,2,2,3,36.27
12,4,3,4,35.12
2,2,1,4,18.48
6,1,1,1,47.59
0,6,3,3,0.0
15,3,2,4,35.68
23,2,2,4,6.07
9,5,3,1,53.5
13,0,1,4,26.96
18,1,1,4,79.65
8,6,3,3,56.22
16,5,2,3,28.73
22,0,3,4,37.17
13,5,1,2,37.41
15,0,2,1,58.98
22,5,3,2,37.46
8,4,2,2,73.11
8,1,3,5,59.08
21,6,1,1,26.15
3,6,1,4,3.4
12,5,3,1,25.13
16,1,2,2,40.77
13,2,3,3,26.55
16,4,3,4,34.78
18,2,3,4,57.93
23,6,1,1,37.82
20,4,2,2,75.44
8,5,1,4,40.44
22,2,1,2,52.16
15,0,1,1,34.7
22,3,3,4,24.45
20,2,3,4,49.05
5,1,2,2,45.9
22,1,1,4,42.29
5,4,1,4,20.85
18,6,1,2,85.11
6,0,3,2,33.23
6,2,2,4,34.35
20,4,1,2,86.6
2,2,1,4,22.11
3,2,1,3,35.18
0,4,1,4,25.86
15,5,1,1,42.31
1,2,1,5,1.76
1,0,1,5,7.32
0,3,3,5,4.02
8,3,2,3,65.75
19,3,2,3,60.96
21,2,2,2,64.29
11,5,2,4,37.13
19,0,2,3,74.82
3,0,2,4,15.58
23,6,1,1,33.3
19,0,3,3,57.38
22,6,1,3,30.62
14,4,3,4,32.06
16,3,3,2,30.07
0,5,2,1,17.67
20,2,1,3,73.76
21,3,1,5,14.74
15,3,3,5,18.12
2,2,2,4,11.69
21,6,3,1,40.1
23,3,2,5,29.45
6,5,1,5,9.32
18,6,3,5,48.89
1,1,2,1,12.62
9,6,3,5,48.66
14,1,2,1,41.23
15,5,3,2,34.25
7,1,1,1,85.61
3,3,3,1,9.7
5,2,2,3,8.82
7,5,2,4,45.33
21,0,3,2,48.31
17,5,3,4,37.85
2,6,3,3,0.0
7,4,3,1,61.39
20,2,2,4,69.41
20,5,3,4,59.6
7,1,2,1,66.29
9,0,1,1,71.71
10,5,3,2,39.23
23,0,3,3,15.04
4,6,2,4,1.89
18,5,1,3,66.52
1,4,3,2,28.59
12,3,2,3,35.92
21,6,1,5,20.28
21,4,3,2,20.09
3,3,1,5,9.73
14,2,1,3,48.63
7,3,3,4,47.14
4,4,2,2,30.47
23,5,3,1,28.57
19,2,2,5,57.26
22,0,2,5,26.36
15,5,1,4,22.3
9,5,2,1,58.35
10,1,3,2,44.88
23,6,1,1,36.26
5,6,2,4,0.31
9,6,3,2,61.79
0,4,2,3,25.72
13,5,2,3,13.6
12,3,1,5,44.27
23,2,2,2,42.31
22,6,3,4,18.4
3,1,2,5,19.58
1,6,3,3,0.0
14,5,1,5,19.32
4,3,3,4,7.69
9,1,1,2,73.73
23,1,3,1,48.88
11,5,3,1,23.15
21,6,1,4,20.56
13,5,1,1,41.64
3,2,2,2,20.38
1,0,3,3,11.83
18,3,1,4,72.54
7,0,1,2,77.34
12,3,2,5,29.25
5,5,3,4,0.0
22,6,3,1,12.88
14,6,3,4,22.57
8,5,3,4,59.04
11,0,1,1,50.15
2,0,2,5,11.8
7,0,3,5,55.54
18,3,2,1,64.85
18,1,2,4,78.62
20,5,2,3,61.62
18,1,1,3,88.05
2,5,3,2,9.14
12,6,3,1,44.54
12,4,3,5,31.2
15,0,3,5,29.42
17,5,3,1,61.87
6,5,1,2,38.01
19,5,1,1,79.6
17,3,2,1,76.12
1,1,3,2,9.26
20,1,1,5,56.06
8,6,1,1,63.51
3,4,2,3,22.48
17,1,2,1,74.55
7,2,1,5,69.75
9,5,3,4,29.39
4,4,2,3,21.15
16,2,3,5,5.46
16,1,3,1,41.08
21,6,1,2,39.24
1,1,1,3,28.36
6,1,3,5,13.09
6,4,2,3,45.24
4,5,3,4,8.33
2,4,2,3,24.67
12,5,1,4,28.96
14,0,2,4,39.64
22,1,3,2,34.34
2,5,3,3,11.84
20,5,3,2,78.2
22,2,3,5,28.56
19,1,2,2,74.16
10,6,2,4,22.89
0,4,1,1,19.65
8,0,3,1,69.58
21,4,2,1,43.6
10,5,1,3,15.04
10,6,2,2,25.71
7,2,1,1,72.73
12,1,2,1,42.59
3,1,3,3,5.32
18,6,2,1,68.11
16,2,3,5,22.01
9,4,2,5,53.45
3,0,1,3,18.95
12,1,2,5,38.39
17,4,2,4,78.24
18,1,2,1,71.13
21,4,3,2,35.1
21,1,1,4,38.93
18,5,2,1,62.14
23,5,2,2,33.88
21,4,2,4,35.92
5,3,2,4,0.0
16,2,2,4,40.55
16,5,1,3,30.58
20,6,1,3,61.71
13,6,2,1,34.29
20,0,1,2,84.7
2,1,3,1,6.15
2,5,2,5,11.96
15,6,1,4,30.33
21,4,3,2,43.54
15,3,3,5,32.61
22,0,2,1,31.83
19,1,3,1,73.79
22,3,3,5,17.86
23,2,1,5,36.77
21,4,1,5,12.98
14,1,3,5,24.21
7,1,1,3,65.18
4,4,2,1,28.46
13,3,2,2,53.76
11,0,2,2,44.34
17,6,1,3,59.3
9,3,2,3,64.11
6,0,3,5,12.83
12,1,2,5,36.74
1,3,3,4,7.05
1,2,1,5,0.0
14,2,2,3,37.0
3,0,2,2,21.69
12,2,1,1,36.95
13,3,1,1,40.1
16,4,1,4,35.88
3,3,1,2,45.63
21,2,1,4,37.51
12,2,2,3,35.15
13,1,3,3,38.65
3,3,3,4,6.33
5,1,2,4,9.44
0,2,3,2,15.77
3,1,2,1,10.99
4,3,2,3,16.88
1,1,3,2,26.26
15,5,2,1,34.23
13,3,3,4,26.67
21,5,1,3,22.43
12,4,3,4,34.87
4,0,1,1,19.46
4,1,2,5,16.21
0,6,3,2,6.98
1,5,2,4,0.0
19,5,1,4,48.27
15,2,2,4,30.99
2,6,2,2,27.8
19,1,3,5,59.13
5,1,2,1,32.83
8,5,1,4,59.18
6,3,3,1,26.17
22,5,3,5,7.35
5,1,3,2,18.76
7,0,1,4,75.64
1,2,1,2,25.43
13,0,3,2,52.15
2,6,1,4,17.14
13,4,2,2,64.64
7,2,2,4,56.72
1,4,2,1,30.7
9,0,2,3,83.25
8,2,3,4,50.06
7,2,1,2,67.72
1,0,1,3,9.96
6,2,2,3,40.7
19,0,2,2,64.93
8,3,2,3,62.02
9,0,1,1,78.5
21,4,1,3,41.48
11,5,2,5,23.4
16,4,2,2,46.78
20,2,1,5,75.23
12,0,1,2,47.38
20,5,3,1,54.58
1,4,3,2,18.82
6,5,2,1,36.64
2,4,3,3,22.2
9,5,2,2,68.61
17,5,1,1,79.47
4,1,2,5,0.58
22,2,3,3,43.34
11,3,3,1,52.19
13,0,2,4,40.88
16,4,1,2,64.25
19,2,3,2,61.75
9,0,3,1,60.8
22,1,3,4,19.12
15,5,3,5,20.77
2,1,2,5,1.6
12,4,2,4,41.06
19,2,1,2,95.96
0,1,3,2,30.56
18,5,1,5,57.27
14,4,3,5,17.1
8,2,1,3,63.23
22,2,3,1,45.0
5,1,1,5,21.23
7,2,1,2,79.69
8,1,2,1,66.66
20,1,1,5,48.79
3,0,3,3,6.43
20,4,2,3,85.29
2,5,3,3,0.0
23,1,2,5,26.52
9,2,1,1,83.06
11,1,3,3,24.96
5,2,1,5,16.48
21,6,3,1,32.5
23,5,3,4,15.1
20,2,3,5,77.95
17,1,2,2,66.65
10,2,1,5,38.47
20,6,2,2,68.62
14,1,3,4,36.18
11,1,2,1,48.53
15,1,2,2,44.13
5,1,3,4,11.83
23,1,3,3,15.14
0,2,1,2,39.83
12,5,3,2,37.39
2,1,1,4,25.11
7,3,3,4,63.46
3,5,3,2,17.94
23,6,1,5,21.18
3,3,2,1,17.95
3,6,1,1,14.3
4,1,1,3,34.49
4,5,3,1,21.49
0,6,1,5,3.1
23,6,2,1,30.37
6,1,2,5,17.76
14,6,1,3,44.38
10,3,1,2,55.32
1,4,3,3,30.53
20,4,1,1,72.97
1,0,3,3,11.98
3,4,2,2,31.85
0,1,1,2,40.17
13,3,1,3,43.27
20,2,1,4,63.02
21,5,1,4,32.05
5,0,1,1,35.77
9,2,1,5,52.67
10,0,2,1,50.84
1,4,1,2,44.36
13,4,2,5,31.07
5,5,2,2,20.64
21,5,2,5,19.43
9,2,1,3,63.11
15,5,2,3,30.24
22,6,1,1,17.78
4,6,3,2,22.01
10,1,2,4,17.51
23,6,2,1,42.03
3,4,2,3,17.36
4,0,2,2,28.31
5,6,2,3,4.98
10,3,2,4,27.7
22,3,3,3,41.35
4,6,3,2,0.0
12,3,3,4,40.22
17,4,2,5,62.7
17,6,1,4,50.34
2,4,3,4,1.4
16,4,3,2,53.41
22,0,1,3,32.44
0,1,1,3,15.77
17,3,1,1,89.1
1,2,2,2,32.71
9,3,1,5,52.5
13,1,1,2,56.73
1,5,1,1,11.79
22,5,1,4,33.81
23,0,3,4,33.49
11,0,3,1,44.26
21,4,1,4,37.89
19,6,1,1,84.09
4,2,1,1,30.0
7,0,1,5,50.55
13,1,1,4,43.6
23,1,3,5,36.69
22,2,2,4,21.88
23,2,2,1,37.11
9,0,1,1,78.33
20,0,3,2,74.57
16,1,1,4,27.14
13,5,2,5,28.97
22,6,2,5,33.56
16,2,3,2,41.57
13,1,2,1,37.77
16,3,1,2,37.61
12,4,1,2,57.06
12,1,3,5,33.83
19,6,1,4,63.8
15,2,3,4,29.98
12,1,1,3,40.29
20,3,1,3,66.26
3,0,1,3,31.68
19,6,2,1,72.31
7,2,1,5,47.63
3,0,1,5,27.72
0,6,2,2,24.59
17,1,3,1,81.2
7,2,1,5,49.26
18,0,3,4,49.07
1,0,2,1,23.81
9,0,2,3,69.02
12,4,1,3,59.37
12,5,2,2,45.65
22,5,1,3,28.06
13,5,3,1,21.79
16,6,1,1,44.84
18,6,2,4,47.28
18,6,1,3,78.03
5,1,3,4,7.72
2,5,1,2,37.72
6,6,3,2,35.43
22,1,3,5,18.9
23,4,3,5,15.84
10,3,1,3,37.27
9,2,3,4,58.43
1,5,3,4,0.62
7,1,3,5,45.25
2,1,3,4,8.67
3,6,1,2,25.63
9,4,1,4,47.97
3,3,2,2,33.67
9,1,1,3,62.16
18,2,2,1,65.77
2,1,3,4,0.0
8,3,2,4,45.65
20,1,1,5,54.16
15,0,2,3,34.33
12,3,3,2,60.63
14,2,3,5,20.79
10,2,1,4,36.42
16,3,2,1,43.2
19,5,1,2,76.05
22,6,3,1,24.38
4,6,1,3,5.44
12,1,3,4,41.61
2,1,2,4,29.46
21,0,2,4,16.54
14,5,3,4,11.81
3,0,1,1,27.76
12,6,2,2,32.28
12,2,1,3,49.05
10,4,2,2,39.17
22,5,2,1,47.32
8,3,1,5,69.52
4,3,1,2,36.7
10,4,1,5,38.22
12,0,2,4,43.85
15,1,1,2,50.49
0,6,3,4,0.0
8,2,3,2,70.63
2,1,1,3,31.89
12,0,2,4,36.11
13,4,1,3,32.38
5,6,1,1,13.58
13,2,2,2,49.41
6,2,2,4,29.39
15,4,3,2,60.78
22,3,2,5,13.91
12,6,1,5,29.04
19,1,1,5,76.91
19,1,2,3,88.17
0,1,2,2,26.76
15,6,2,1,38.93
21,3,2,5,29.56
23,0,2,2,46.56
20,3,3,5,54.21
3,0,1,2,38.49
13,5,3,2,14.74
19,3,1,3,80.46
6,1,3,5,21.01
0,2,2,1,23.22
9,2,3,1,81.37
22,3,3,4,19.6
13,3,2,3,36.78
17,3,3,3,80.93
3,1,2,4,8.34
11,1,3,5,20.6
5,4,2,4,13.82
9,6,3,4,51.73
20,2,3,5,56.66
3,0,1,1,19.66
20,0,3,4,55.74
3,3,3,5,0.14
17,0,3,4,59.38
16,4,1,3,43.41
13,1,1,4,43.35
17,3,1,2,70.79
15,0,2,4,43.51
13,6,3,4,22.02
0,2,1,5,26.08
9,2,3,3,63.55
9,6,2,2,73.81
0,3,1,1,33.73
0,1,2,5,20.77
23,4,2,3,39.18
5,4,2,2,29.22
17,3,1,5,83.18
20,3,1,5,72.11
13,1,3,4,34.59
23,1,2,3,24.79
16,1,2,2,34.69
3,5,1,5,7.34
3,5,3,4,1.16
20,2,3,2,70.09
10,1,1,1,46.13
0,3,1,5,27.71
4,0,3,5,10.56
2,4,2,1,15.87
23,5,1,4,24.11
20,5,2,2,63.56
7,5,1,3,56.9
6,4,1,4,31.69
8,5,1,3,56.18
2,1,3,1,9.96
20,4,1,1,78.98
14,4,1,1,45.52
4,2,2,2,6.56
2,0,2,3,36.42
6,3,1,4,43.71
0,3,1,4,16.99
20,0,1,4,70.15
12,2,3,4,20.63
5,1,2,1,38.57
5,5,3,5,10.18
1,0,2,3,21.25
15,4,3,5,33.19
0,1,3,3,16.4
3,1,3,1,9.31
17,0,3,5,51.71
4,1,2,1,26.06
6,0,2,2,41.36
7,0,3,2,68.25
8,2,2,2,74.27
2,2,3,5,4.35
20,2,2,4,65.42
13,4,2,2,41.52
8,1,1,3,64.26
12,0,3,5,14.72
9,1,1,4,72.82
13,3,2,5,13.15
23,2,2,5,34.23
3,4,2,4,26.09
6,4,2,3,32.58
20,6,1,4,39.17
5,0,3,3,12.11
18,3,2,5,59.49
20,4,2,4,56.92
0,0,1,3,20.88
13,6,1,3,47.24
7,0,1,3,75.32
11,1,2,1,37.6
0,2,3,1,7.22
22,2,1,4,32.38
18,6,2,2,68.29
17,0,2,3,73.97
19,1,3,2,70.72
3,4,2,5,14.09
21,0,3,4,40.48
21,6,2,3,31.52
10,1,1,1,44.62
15,3,1,3,43.53
13,0,1,4,37.15
5,4,2,5,19.45
12,1,3,1,34.98
9,0,3,5,50.36
0,3,2,2,30.41
12,0,3,5,20.99
1,2,3,1,9.02
2,3,1,4,22.58
23,2,2,3,34.51
11,3,1,5,39.0
10,3,3,1,30.73
12,2,3,4,39.77
15,6,3,1,22.99
11,4,1,1,63.7
7,0,1,2,66.02
3,2,3,4,13.48
7,1,1,2,83.8
23,6,2,5,8.64
0,5,1,3,18.4
1,0,1,3,35.24
2,2,2,5,0.0
12,2,3,2,49.02
4,4,2,1,5.05
4,2,1,5,7.27
13,5,2,1,48.03
16,4,1,5,25.35
15,5,2,3,20.61
10,6,3,4,13.42
7,0,2,3,81.54
22,0,2,5,10.35
7,5,3,2,51.59
22,0,1,4,46.98
1,1,1,2,49.86
14,6,2,2,39.17
15,0,2,2,40.09
18,6,3,5,61.77
10,6,2,4,32.76
20,1,3,1,75.43
4,1,2,4,8.5
14,6,3,5,14.61
6,6,2,2,33.72
2,2,2,2,32.65
21,2,3,1,46.61
4,3,1,1,37.04
7,0,2,2,66.38
8,0,2,5,66.01
14,2,2,1,47.51
17,0,2,4,70.5
6,1,2,5,36.73
13,4,2,1,36.11
14,2,2,1,44.71
1,5,2,4,0.75
6,2,1,4,22.46
5,4,2,5,12.77
19,3,3,4,80.09
3,5,1,2,10.28
3,1,1,1,29.74
1,4,2,2,35.12
2,4,1,3,25.98
7,4,3,4,54.09
12,3,1,2,44.61
23,6,3,3,21.86
15,1,1,2,48.95
11,5,2,5,2.48
9,5,1,1,74.56
5,4,3,5,12.67
15,5,2,2,40.41
5,2,3,1,21.83
5,1,2,4,23.59
4,0,3,4,11.79
13,2,1,2,62.23
8,0,1,1,72.62
19,2,2,5,70.5
0,3,1,4,22.57
3,0,1,5,16.55
21,2,1,5,19.84
16,1,1,1,47.3
3,2,3,3,8.34
14,3,3,3,29.89
17,2,3,4,53.48
8,2,2,1,61.47
11,2,3,3,52.0
16,6,3,5,20.65
15,0,2,5,45.36
23,5,1,2,30.22
13,6,1,2,45.57
11,3,1,2,44.65
18,5,3,4,44.43
11,1,3,1,32.65
6,3,3,1,44.92
8,5,3,5,36.83
14,4,1,3,53.55
21,2,2,4,34.83
18,3,2,3,88.43
6,0,3,5,8.16
22,2,3,1,45.07
13,6,2,5,29.17
11,2,1,1,42.21
15,5,1,4,38.06
21,1,3,3,32.69
19,4,3,2,73.18
9,3,2,1,63.41
9,0,2,1,64.25
6,2,3,1,51.4
1,3,2,1,25.01
13,2,3,1,46.26
1,2,1,3,18.67
9,6,3,5,33.76
4,0,3,3,23.66
4,5,1,4,0.0
18,0,2,2,76.68
1,3,2,2,30.27
21,5,2,4,20.89
12,0,2,3,38.57
19,2,1,5,68.17
13,5,2,5,25.54
4,5,1,3,20.88
4,3,3,2,17.11
9,2,1,3,67.73
18,5,2,5,59.56
5,3,2,1,32.16
4,4,2,3,9.02
16,5,3,3,22.81
14,2,2,4,19.17
13,3,2,1,45.38
17,0,2,1,90.18
4,4,2,2,22.42
18,4,2,2,73.33
19,4,3,3,71.11
1,6,2,2,7.66
12,5,1,4,24.94
16,3,1,1,49.77
1,2,3,1,14.93
10,4,1,3,38.11
18,3,3,3,70.95
1,0,3,5,8.37
21,4,3,1,37.13
22,1,3,2,37.29
17,5,2,2,72.96
7,5,3,2,59.01
9,5,2,1,63.66
15,4,3,2,41.02
3,0,1,2,33.54
19,0,3,1,62.08
7,1,1,4,64.72
0,6,3,4,0.0
12,0,1,3,36.09
12,3,1,2,57.07
17,2,3,4,61.7
21,4,1,4,41.26
4,5,1,2,21.55
4,6,3,2,18.26
5,4,3,5,9.41
6,3,2,3,38.56
9,5,1,5,43.39
15,2,3,3,36.19
12,3,3,1,42.91
14,3,2,2,50.06
0,2,2,1,8.31
18,3,1,5,66.28
9,0,3,5,67.7
14,0,2,2,47.12
14,5,2,3,24.18
0,1,2,5,12.99
16,1,2,5,27.5
12,4,1,2,64.54
20,1,2,5,49.94
10,3,3,2,45.85
8,6,3,3,54.72
12,0,3,4,28.86
12,3,3,2,47.71
18,5,3,5,53.24
8,1,3,3,66.98
18,4,2,5,50.86
19,6,2,1,71.56
1,0,3,2,24.48
7,0,3,1,65.58
15,5,2,3,30.59
7,6,3,2,58.8
3,1,3,4,19.53
13,0,1,5,34.33
8,0,1,1,66.04
14,6,2,5,16.85
20,6,1,2,76.43
10,0,3,4,34.83
12,1,3,5,29.82
17,1,1,3,68.2
15,3,3,3,54.88
7,1,3,2,72.12
13,6,3,2,45.2
2,4,1,1,28.79
6,0,1,1,49.27
11,6,2,5,26.72
17,6,1,3,74.75
5,5,3,5,3.46
15,1,1,5,41.98
15,4,2,3,37.48
19,4,1,1,75.43
14,3,3,4,32.66
2,4,1,2,42.47
16,2,1,1,43.22
15,1,1,5,43.52
17,2,1,2,96.62
9,6,2,4,42.67
22,2,1,2,43.3
9,0,3,5,48.88
7,6,3,5,42.46
16,2,2,5,20.8
1,4,3,1,30.82
18,3,2,1,78.39
1,2,2,3,20.32
6,2,1,2,38.51
6,4,3,3,19.47
21,0,1,4,37.25
2,6,3,5,0.0
22,6,1,3,38.1
2,3,3,5,3.73
2,4,2,2,55.94
8,5,1,1,83.46
1,3,3,2,23.55
20,2,2,4,64.15
9,6,1,1,72.96
1,0,1,5,28.63
19,6,2,1,51.9
17,3,1,4,55.71
12,5,1,4,25.02
22,3,3,2,44.66
3,3,1,5,18.97
11,2,1,3,53.56
13,0,1,2,45.4
2,4,1,2,16.47
13,5,3,5,21.86
1,6,1,2,18.37
1,0,1,2,18.85
14,1,2,1,46.16
10,2,3,2,46.35
9,1,3,4,54.02
15,5,1,1,36.34
2,2,3,2,23.73
15,5,3,3,22.04
7,3,3,3,49.22
11,6,3,3,19.28
20,1,3,3,69.17
10,5,3,5,12.57
3,0,2,4,16.34
22,4,2,3,27.04
2,1,1,5,13.55
7,2,3,5,32.58
6,0,2,2,46.43
1,1,3,4,21.43
20,6,2,1,53.21
0,3,1,3,20.31
8,4,2,3,67.63
2,0,2,5,20.02
12,3,1,4,36.41
12,3,1,2,49.46
6,3,1,4,19.25
17,0,3,3,65.83
1,4,2,1,41.34
19,6,2,3,62.22
18,1,1,3,74.82
23,6,3,4,17.58
13,6,3,1,29.91
3,4,2,3,13.5
17,3,2,5,66.59
23,4,3,3,31.81
5,3,2,2,30.14
4,0,2,3,12.2
2,1,3,3,25.43
10,4,2,1,45.32
19,2,2,3,65.58
21,2,3,5,28.01
0,0,2,5,6.02
21,2,2,2,38.74
14,3,1,4,33.92
0,3,1,3,10.83
15,5,3,2,38.77
13,0,3,1,25.35
8,4,3,3,50.17
2,3,1,3,8.4
8,2,2,2,74.31
7,5,1,2,68.8
19,5,1,2,72.39
3,5,1,2,16.66
21,4,2,5,15.62
10,0,3,2,43.71
1,5,2,3,5.6
0,5,2,5,2.53
22,0,3,2,32.92
11,0,1,5,36.45
14,0,3,1,50.43
7,1,2,5,59.69
11,6,3,4,16.7
2,5,2,3,12.06
4,0,2,5,8.07
11,2,2,3,40.06
15,2,3,1,37.4
5,2,1,3,23.69
4,4,1,1,31.7
19,1,2,5,52.05
22,6,3,5,1.87
18,5,2,2,58.89
12,6,3,1,17.2
21,5,1,4,15.26
20,0,1,2,86.28
18,4,3,5,47.86
23,3,3,1,39.11
16,6,1,5,20.28
15,5,3,5,0.0
14,2,2,2,55.24
18,2,1,3,81.49
7,6,2,2,57.05
14,2,3,1,43.36
22,1,2,4,23.15
11,0,2,5,30.78
16,0,2,4,19.88
19,1,2,4,50.66
7,4,1,5,56.94
7,6,2,5,44.01
21,1,3,3,26.82
9,2,2,1,60.53
2,3,2,5,6.8
4,4,2,2,32.15
5,3,1,2,34.64
3,3,2,5,11.46
22,3,3,1,29.64
4,6,1,4,19.37
0,5,1,1,10.59
4,4,3,4,13.9
13,2,1,4,49.46
22,4,1,3,43.85
3,2,2,5,8.38
19,4,1,1,75.77
2,5,2,4,13.29
13,5,2,4,13.62
9,6,2,2,57.24
23,1,3,5,16.82
16,0,1,1,54.9
18,4,2,4,68.04
12,2,2,2,42.26
16,5,3,3,17.52
3,1,2,4,10.09
10,0,3,5,14.32
16,4,3,4,32.83
9,2,2,3,54.03
5,1,1,2,47.87
13,4,2,5,36.63
19,2,1,3,83.73
9,1,1,3,66.3
8,3,2,2,73.8
5,2,2,5,0.0
3,1,3,3,10.8
4,0,1,5,18.95
16,6,1,1,45.37
19,0,3,5,46.14
6,0,2,1,37.08
11,1,2,5,28.79
13,5,2,5,8.83
4,6,2,3,14.73
3,5,3,1,4.21
14,3,2,3,38.44
2,6,1,3,11.38
23,5,1,3,23.69
2,5,1,1,19.94
10,1,3,3,28.28
8,3,3,5,47.03
21,6,1,3,24.17
1,3,1,5,17.56
10,1,3,1,48.23
20,5,1,2,76.12
4,4,2,2,37.97
21,1,2,4,18.88
4,3,1,4,21.26
9,1,1,1,66.22
16,6,3,2,18.18
0,3,1,4,14.09
17,4,1,2,94.54
1,3,3,3,22.6
19,3,3,5,56.94
7,5,2,4,37.74
16,5,1,3,28.43
7,2,3,4,57.41
15,6,3,4,21.4
19,2,3,4,45.25
9,0,1,1,67.88
9,3,2,3,64.49
7,5,2,1,64.29
5,3,2,1,7.43
11,5,2,2,38.7
15,6,2,5,21.14
13,5,1,1,46.8
9,2,3,2,75.54
13,0,3,3,39.66
8,5,2,4,43.6
12,6,2,4,9.74
12,2,1,3,41.86
15,5,1,3,43.01
20,6,1,3,76.15
14,3,1,5,40.68
5,4,1,1,33.43
19,4,2,2,83.04
19,4,1,1,75.55
12,0,3,3,33.96
11,6,3,1,43.35
20,0,3,2,67.46
11,4,1,2,67.92
17,3,3,2,72.42
9,6,1,3,70.6
10,3,1,5,18.75
23,1,1,1,49.69
0,6,3,1,4.11
16,3,2,1,28.68
5,2,2,1,26.75
7,5,3,2,68.08
1,2,3,1,13.24
12,5,2,2,28.01
23,2,1,1,44.27
2,4,3,4,9.3
0,0,3,5,9.39
19,1,1,5,72.6
12,1,3,3,34.52
10,3,3,1,49.84
9,2,2,2,76.79
3,2,3,5,2.23
15,3,2,4,22.11
2,1,2,5,7.9
8,3,2,5,52.31
16,1,2,1,47.68
15,5,2,3,33.7
17,5,1,4,50.57
7,4,1,4,66.38
7,3,2,4,65.37
18,0,3,3,77.22
10,1,3,1,42.1
3,4,1,2,41.09
15,4,1,1,50.48
4,3,3,4,13.11
16,5,3,2,40.0
1,6,2,3,0.0
13,2,3,3,32.2
4,0,2,5,3.82
19,3,1,3,78.03
22,1,3,4,34.84
17,3,2,2,75.22
10,3,3,4,5.88
16,4,3,1,31.7
3,3,3,1,27.31
12,1,1,2,59.3
16,5,1,2,43.43
6,3,1,1,42.76
13,3,1,5,24.77
15,1,3,5,29.12
13,3,1,3,38.33
3,3,2,3,37.47
16,2,3,3,34.56
18,5,1,2,70.35
9,4,3,2,65.11
19,5,2,5,49.26
19,2,2,4,63.08
6,2,3,2,48.93
5,4,3,4,11.49
0,2,2,2,24.15
4,3,1,1,45.12
9,5,1,2,70.39
22,0,3,4,31.15
10,0,1,5,25.13
14,4,1,1,52.9
11,5,3,2,37.49
11,5,1,2,29.88
8,2,2,5,71.12
23,2,2,5,35.33
12,2,3,5,21.82
20,5,1,1,61.18
18,1,1,2,87.78
8,1,2,5,55.69
3,1,3,5,7.85
20,6,2,3,61.53
18,6,3,5,49.05
8,6,3,5,51.58
21,3,1,2,54.54
0,6,1,2,16.6
2,6,3,2,25.9
4,1,2,1,38.12
10,0,1,2,75.22
16,6,2,4,11.01
21,3,2,3,36.94
16,6,1,2,23.34
17,3,2,4,69.43
22,3,2,3,30.61
16,2,3,1,50.39
19,6,1,2,68.8
20,6,2,2,56.49
13,4,2,4,31.23
22,6,2,1,14.2
17,3,3,3,71.01
5,0,2,4,0.0
21,2,3,4,25.23
6,4,3,2,23.38
12,2,1,1,47.44
6,3,2,5,38.15
6,0,3,3,32.89
10,0,2,3,28.09
16,0,3,3,29.75
1,5,2,4,5.14
12,0,3,3,38.78
8,5,1,5,39.07
0,6,3,4,4.74
19,5,2,4,33.36
5,3,3,5,0.0
3,0,2,1,21.09
19,5,1,2,80.07
4,0,2,1,25.18
1,3,3,1,8.76
10,0,3,3,22.12
6,5,3,1,26.59
10,6,3,3,19.37
22,1,3,3,25.37
16,0,3,4,21.15
13,6,3,1,35.57
2,1,3,2,20.86
23,2,1,2,49.3
14,0,2,5,47.36
6,5,3,4,3.61
5,5,3,1,0.0
9,2,3,3,66.27
3,2,2,5,4.57
22,0,3,4,22.45
2,0,1,2,28.75
23,0,1,3,37.92
18,5,1,2,87.79
0,1,3,3,21.42
14,0,3,2,51.9
9,6,3,2,48.67
23,6,3,2,20.79
9,0,2,3,42.29
5,2,1,5,8.52
10,3,1,2,57.65
8,1,1,3,74.14
8,5,2,3,53.23
2,3,2,5,9.82
11,2,3,5,19.49
14,6,3,2,36.64
1,6,3,4,6.13
4,4,3,2,12.07
22,3,2,3,37.4
6,2,3,5,27.46
17,6,3,3,51.68
2,4,1,3,30.61
6,3,2,1,62.52
3,4,3,2,24.17
15,1,2,5,33.15
10,2,3,4,19.1
21,4,1,3,41.45
22,0,3,3,33.68
0,1,2,4,16.56
10,2,3,1,26.84
5,2,2,2,31.65
14,4,1,1,61.7
14,6,3,4,23.59
18,4,3,4,67.7
23,3,2,2,43.1
8,5,2,5,51.0
10,3,3,4,27.23
9,0,1,5,52.39
3,3,2,3,22.55
18,3,3,1,62.07
5,4,1,3,19.94
19,5,3,2,66.51
18,6,1,2,77.38
21,2,1,1,35.49
9,6,1,3,68.43
14,3,1,4,44.58
0,5,1,2,19.36
5,2,2,1,12.7
5,1,1,4,18.84
2,5,1,2,21.43
21,4,2,1,40.91
15,1,2,1,42.1
15,4,3,4,13.94
22,1,2,4,26.89
14,5,1,1,37.56
12,1,2,2,55.07
12,6,2,3,24.41
21,5,2,5,28.43
12,4,1,3,29.71
15,5,3,5,25.49
0,1,3,2,23.21
7,2,2,3,71.88
16,6,1,5,20.64
19,6,2,1,74.12
20,1,1,4,66.9
6,0,1,3,31.21
13,0,2,4,46.36
20,1,2,2,79.09
9,2,2,4,61.77
1,2,2,2,39.88
5,3,3,5,0.0
3,3,1,3,29.76
21,5,1,4,20.28
0,1,2,2,28.94
18,4,2,4,65.58
0,3,3,4,0.0
13,6,1,3,28.77
13,2,3,1,50.81
19,6,2,5,57.09
11,6,2,3,29.5
17,2,1,2,86.94
13,4,2,1,42.65
4,0,2,5,20.85
8,1,3,5,48.4
23,6,2,4,21.85
1,3,2,1,34.17
3,6,2,4,0.0
11,0,3,3,47.47
8,3,2,3,52.76
0,4,2,2,43.04
9,2,2,1,67.02
14,2,2,1,43.06
19,0,2,1,59.88
17,5,2,2,66.36
5,0,3,1,11.68
4,5,1,4,5.14
13,2,2,4,33.9
22,4,1,5,37.66
18,3,1,1,81.66
10,2,1,2,52.46
19,5,3,1,51.24
12,4,3,1,32.95
10,5,3,3,34.39
13,3,1,2,49.12
23,2,3,1,48.25
13,0,1,5,33.06
8,2,3,5,50.02
17,6,1,1,78.56
11,4,2,2,60.18
13,2,3,2,44.11
8,4,3,1,61.89
19,3,1,3,74.55
8,0,2,2,77.7
0,6,2,2,27.13
8,2,2,5,55.03
20,2,1,2,89.95
7,0,3,3,73.11
7,0,3,3,63.05
23,5,3,4,17.49
18,3,3,5,42.85
10,4,2,4,8.95
17,0,2,3,73.11
10,2,2,2,44.24
14,6,3,4,15.88
6,4,3,2,41.95
21,3,2,4,29.52
1,5,3,1,19.02
20,3,3,3,65.69
2,1,3,5,0.0
11,2,2,3,47.92
14,5,2,1,33.26
4,4,3,2,29.21
19,2,3,4,56.18
13,6,1,3,29.8
17,5,2,2,70.67
12,4,1,4,40.1
19,6,1,1,73.84
12,1,1,1,47.85
18,2,1,2,70.31
23,3,3,4,21.54
11,6,1,4,36.35
19,2,2,3,67.62
20,0,3,3,63.03
16,4,3,4,32.89
7,6,2,4,44.3
14,2,2,2,37.66
5,3,2,1,23.71
17,6,2,4,51.13
20,1,3,1,62.27
12,4,3,4,28.6
13,3,1,1,53.93
19,1,1,5,64.93
19,4,1,5,67.46
18,5,2,1,79.51
10,4,1,2,47.26
18,5,2,1,67.23
11,0,3,5,20.93
20,3,3,5,48.23
6,6,1,4,20.32
11,5,1,2,41.17
15,5,1,3,37.88
4,2,1,1,48.79
6,4,2,4,24.27
7,5,3,4,41.67
7,6,1,4,54.5
16,5,1,5,23.17
10,6,1,2,42.11
14,5,1,1,50.27
23,0,3,4,5.59
16,3,2,1,20.9
13,2,3,5,21.03
3,5,3,5,3.78
22,0,2,4,17.47
23,0,2,4,5.94
23,6,1,3,34.57
12,5,3,4,21.95
13,6,1,1,31.28
4,6,2,5,0.0
3,5,1,3,7.24
13,5,2,2,40.88
7,6,2,2,59.99
8,0,2,1,73.95
14,5,2,2,17.16
8,2,2,4,53.15
10,6,2,3,15.99
18,2,3,1,67.95
4,1,3,3,10.7
0,1,2,5,16.38
11,5,2,3,15.13
22,1,3,3,30.36
15,5,2,3,34.47
4,5,3,2,29.85
4,4,2,4,11.15
8,5,1,1,67.6
6,4,2,2,30.57
18,0,2,3,50.86
23,4,3,5,26.76
12,3,3,2,44.96
11,5,1,5,34.43
16,2,3,3,19.01
12,6,2,2,44.16
16,3,1,4,49.95
12,0,3,1,43.36
10,1,2,2,47.21
7,1,2,5,55.07
23,6,1,2,27.43
11,3,2,5,40.84
20,0,3,5,50.11
7,5,1,3,64.04
21,0,2,1,27.5
10,4,1,3,30.56
17,4,3,5,66.48
2,6,1,4,7.22
18,4,1,2,96.63
8,6,3,2,59.37
22,5,1,2,25.26
22,5,2,2,42.14
1,4,2,5,5.28
8,0,3,2,75.59
23,6,1,2,40.2
16,2,1,2,37.66
7,1,3,5,51.31
15,3,1,5,52.57
1,2,3,1,23.94
6,3,1,4,34.54
2,3,1,1,38.6
17,4,1,5,66.69
15,2,3,1,41.68
18,3,1,4,61.27
20,1,3,5,56.87
14,0,2,4,43.28
19,2,2,2,73.31
10,4,2,5,36.4
9,5,2,3,54.27
17,1,2,3,62.9
21,4,3,3,37.98
20,3,1,2,82.71
15,0,2,5,36.08
15,3,1,2,52.67
2,6,2,3,9.52
3,6,2,3,13.95
20,5,3,2,67.33
6,6,1,2,24.04
6,2,3,3,21.03
10,6,3,4,22.44
3,5,2,5,0.0
6,4,3,2,35.81
10,1,1,4,24.13
5,6,1,5,0.0
21,1,2,5,8.83
15,5,3,4,19.19
23,2,1,3,35.21
15,6,2,3,22.27
4,2,2,3,19.46
23,2,2,3,37.91
13,4,2,4,51.75
0,6,2,1,2.9
13,2,3,2,54.28
14,6,2,1,42.78
22,1,1,3,33.77
9,6,2,1,61.63
10,3,2,3,31.34
17,4,3,2,76.49
6,4,3,4,37.07
8,0,1,2,84.84
5,2,3,4,14.07
23,4,2,1,36.56
21,3,3,4,13.13
7,2,3,5,48.33
12,0,1,1,59.65
20,2,2,5,47.78
11,3,2,1,36.56
15,1,3,1,41.01
10,6,3,4,7.12
4,6,1,5,0.0
9,4,1,5,56.61
2,3,1,3,14.08
18,4,3,3,57.21
17,4,2,1,80.63
4,6,1,3,4.54
11,6,2,2,27.22
5,2,2,2,24.96
14,2,2,2,55.86
21,5,2,3,23.42
19,5,1,2,71.28
3,5,2,4,5.35
12,6,2,1,21.03
16,0,3,3,33.96
0,4,2,1,28.07
16,6,2,5,11.73
15,2,3,3,43.05
20,0,3,1,60.98
18,0,3,1,79.02
17,1,3,1,71.24
18,3,3,2,72.31
2,6,3,4,0.0
8,3,2,2,74.14
20,2,1,2,94.76
20,4,2,4,56.39
16,6,3,4,8.9
0,3,3,3,23.29
0,4,2,1,20.24
0,1,2,4,22.2
4,2,1,5,28.6
21,6,2,5,11.79
14,5,3,2,40.45
18,2,3,5,45.77
4,1,1,2,41.04
9,1,1,1,76.6
17,4,1,2,88.78
17,2,1,3,69.84
10,1,3,2,26.71
6,2,1,4,39.03
8,1,1,3,53.49
0,1,2,1,22.46
12,0,2,2,57.53
12,0,2,4,36.54
12,1,1,4,55.59
18,6,1,1,78.2
5,4,3,5,0.0
3,1,1,1,30.22
15,5,3,3,24.62
23,2,2,2,32.34
6,0,3,3,22.48
15,2,3,1,35.51
14,0,1,4,23.71
13,3,1,3,45.38
11,2,1,4,38.01
20,2,1,1,66.62
20,5,2,4,58.23
0,2,3,3,20.73
1,1,1,2,36.82
18,0,1,5,62.41
4,1,3,4,14.73
1,0,3,2,30.44
23,5,2,3,27.46
19,3,1,4,63.4
5,1,3,2,27.21
23,6,3,2,39.56
11,0,1,1,45.23
15,1,2,4,51.78
20,2,2,5,55.79
10,0,1,3,40.26
0,3,1,2,29.62
13,0,3,4,31.79
19,5,3,2,51.06
5,0,1,3,20.63
7,0,2,1,61.26
3,3,2,4,16.08
17,3,1,5,72.96
20,0,2,4,70.17
15,2,1,3,26.03
21,4,2,5,41.34
21,5,1,4,27.36
15,5,3,2,28.79
4,1,3,2,26.26
4,1,3,1,21.41
23,0,3,4,19.67
9,4,1,2,81.58
7,2,1,3,65.14
10,5,2,5,11.77
16,4,3,3,24.51
4,2,2,3,8.54
21,1,3,1,36.17
23,6,2,1,34.68
6,1,1,2,54.12
20,0,1,2,91.56
12,2,1,5,37.59
15,3,2,2,45.74
20,6,3,4,56.72
14,1,2,5,19.14
8,4,2,1,62.79
23,2,3,5,12.29
10,2,1,3,48.64
10,6,2,5,22.54
14,5,1,3,38.9
16,2,1,3,48.58
13,5,1,5,17.97
4,0,1,4,22.79
3,0,3,3,14.0
4,6,2,3,16.78
14,3,3,1,39.08
16,1,2,5,21.92
6,1,3,2,44.33
0,1,3,3,22.01
16,4,1,5,24.65
16,4,1,5,29.51
11,4,1,5,26.53
5,2,1,1,10.02
21,1,3,5,21.6
7,6,3,2,64.87
17,4,2,2,82.1
8,0,2,3,49.4
12,4,2,4,32.19
14,2,1,3,27.25
0,0,2,5,20.96
21,2,1,5,21.31
19,0,1,4,80.04
4,1,2,2,37.57
7,3,1,4,57.8
12,4,1,2,45.94
11,0,1,3,47.8
4,3,1,5,8.25
21,1,1,4,35.82
4,5,2,3,6.14
0,5,1,5,0.0
9,4,1,5,42.16
15,1,3,4,31.81
9,6,1,5,45.51
23,4,2,2,40.58
2,6,3,3,10.57
8,0,2,3,74.39
3,5,2,4,2.82
18,1,3,4,57.28
9,1,3,1,69.0
2,5,3,5,0.0
11,1,3,4,31.79
22,3,2,1,44.42
20,0,2,3,75.44
8,5,3,3,34.51
13,5,2,3,23.91
2,0,1,4,12.97
7,4,2,2,75.8
18,3,3,3,68.85
3,6,3,4,11.97
17,4,3,4,56.04
19,4,3,4,56.02
1,4,1,5,24.2
20,0,3,1,72.37
3,6,1,3,25.14
18,5,3,5,47.31
13,6,2,1,25.74
11,5,2,4,14.33
18,6,3,1,47.59
12,6,3,4,25.3
21,0,1,5,39.51
5,0,3,3,29.79
3,2,2,1,31.74
23,3,2,3,44.3
21,2,2,2,40.36
8,3,1,3,60.75
14,5,3,3,31.8
5,1,3,5,8.34
20,2,3,4,60.86
11,6,1,4,33.1
2,2,2,5,12.59
17,5,1,3,75.27
9,0,3,1,75.36
20,3,2,5,64.35
15,5,1,4,36.77
6,2,3,4,29.11
11,2,2,3,36.31
5,1,2,1,31.05
3,1,3,3,3.84
16,5,3,5,18.43
9,6,3,5,30.44
5,3,3,1,22.29
6,0,1,5,23.24
21,3,2,2,49.43
22,2,3,3,29.73
12,1,2,1,32.24
23,6,2,5,18.37
18,0,2,2,75.38
14,6,1,2,52.05
17,1,3,3,65.01
0,3,1,2,38.16
7,1,2,2,67.34
4,0,2,2,25.29
0,6,3,4,0.0
14,3,3,5,31.85
18,1,2,2,93.42
16,4,2,5,18.56
12,5,2,3,38.61
8,3,2,3,47.64
7,2,3,3,50.45
2,5,1,3,7.33
22,1,3,5,9.18
4,0,3,4,0.0
17,2,1,5,68.3
7,5,2,5,43.29
7,3,2,5,58.04
1,3,3,4,15.52
15,4,2,1,47.12
5,0,3,4,15.26
17,5,1,3,64.44
15,6,3,2,25.5
2,5,2,1,23.46
23,2,3,3,25.29
23,0,3,5,12.52
15,3,3,2,43.58
12,1,3,4,22.7
9,4,3,3,56.66
10,1,3,5,22.75
13,1,3,5,27.79
10,6,1,5,12.82
1,5,2,5,0.0
3,6,1,5,13.59
2,4,2,2,33.97
23,1,1,5,46.6
5,6,1,1,29.44
20,3,3,1,79.15
10,0,1,4,23.9
18,5,3,4,56.11
13,3,3,4,29.58
4,6,2,2,15.59
3,2,2,2,31.34
22,3,2,4,37.56
2,1,2,4,19.01
6,1,2,1,32.97
10,3,1,5,35.94
8,0,3,1,59.9
17,0,3,3,66.73
3,1,1,5,12.57
0,0,2,4,13.25
9,0,3,5,56.13
11,6,1,2,36.68
6,5,3,4,30.56
5,4,1,3,10.43
3,6,3,2,10.22
19,2,3,2,77.96
14,5,1,5,29.67
4,6,2,1,14.2
19,0,3,1,69.54
9,2,1,3,73.28
21,1,3,5,18.15
5,0,2,2,41.15
19,1,3,3,71.71
14,5,3,4,26.98
14,0,3,5,17.27
2,2,1,3,24.36
4,1,2,2,27.6
12,0,2,1,36.96
15,6,3,5,17.88
3,6,3,1,5.7
21,5,2,5,20.24
18,4,3,5,46.44
16,3,3,2,53.75
9,2,1,4,57.83
6,2,3,4,26.75
12,3,2,1,51.33
15,0,2,1,40.43
10,4,2,5,31.82
12,2,2,3,30.17
21,5,1,5,31.62
1,1,1,3,25.11
18,5,3,5,40.23
5,5,2,1,12.61
17,0,1,3,81.47
12,1,2,5,25.32
1,6,3,4,0.0
23,4,3,2,38.23
16,2,3,1,25.58
6,0,2,2,59.56
7,5,2,1,55.47
22,1,2,2,51.65
18,5,3,1,61.68
1,3,1,1,22.12
9,0,1,3,69.95
5,3,1,3,31.27
12,0,1,2,53.49
19,1,3,3,74.54
13,5,3,3,33.17
6,5,3,3,27.35
13,5,1,4,26.32
13,3,2,2,41.36
15,2,3,1,35.09
20,5,2,1,66.57
22,6,2,2,39.37
21,5,1,1,17.63
20,0,1,2,84.94
15,0,1,5,36.26
10,1,3,3,27.78
21,5,3,4,25.33
9,4,2,3,68.37
18,2,1,1,90.48
12,6,1,1,38.27
17,6,2,2,77.5
4,4,1,4,33.08
15,0,1,2,65.49
1,6,2,2,11.26
2,6,3,1,7.97
7,3,3,3,57.24
14,5,1,4,33.91
19,6,1,5,60.49
6,6,1,3,23.29
1,4,1,2,35.54
10,6,2,2,18.84
11,3,1,1,61.54
12,3,1,3,40.9
16,0,1,2,50.45
20,1,2,4,62.52
0,6,2,1,24.17
7,4,3,3,37.3
17,1,1,5,64.87
10,0,1,1,44.15
13,4,3,1,36.37
19,5,1,3,78.81
11,0,1,1,42.9
21,1,1,4,41.17
0,4,1,4,22.85
18,0,1,1,90.09
18,4,1,1,74.66
20,6,2,5,44.14
20,3,2,5,68.77
12,3,3,2,48.4
21,3,3,3,17.64
11,5,2,4,20.69
4,3,3,3,18.09
7,1,2,2,81.7
12,2,1,3,39.57
23,0,2,3,11.69
4,0,2,4,19.19
22,4,1,4,25.24
4,6,3,3,0.0
6,3,2,4,7.34
14,5,2,4,31.51
12,3,2,3,41.03
10,5,2,2,33.19
23,4,1,2,61.11
6,5,1,5,25.1
6,6,3,5,22.93
11,3,3,4,18.86
11,5,2,2,39.72
12,1,2,1,32.07
17,5,2,3,58.16
19,3,1,2,83.01
6,2,3,2,45.01
21,3,3,4,25.36
5,3,1,2,39.99
12,4,3,2,50.63
8,5,3,5,57.24
4,5,2,5,0.0
6,1,2,3,27.47
14,1,3,2,46.97
15,2,3,5,18.58
16,5,3,1,36.86
21,0,1,1,42.73
0,0,1,3,20.48
2,2,2,2,26.23
23,1,1,3,45.75
2,2,3,3,13.74
18,6,2,4,49.87
10,5,1,3,43.32
9,0,3,2,63.15
4,1,2,1,25.28
17,4,2,2,85.22
17,4,3,4,46.95
22,2,3,2,43.84
3,5,1,4,1.56
3,6,1,2,31.58
12,3,2,4,27.3
5,6,1,5,10.54
22,6,2,4,28.85
18,4,1,4,76.89
0,3,3,5,7.01
11,2,1,3,43.15
2,1,1,5,10.39
9,5,2,2,76.77
3,6,3,2,9.4
20,2,2,1,66.7
11,4,2,1,50.32
19,4,2,2,73.63
11,6,2,2,32.4
16,2,3,1,23.45
15,2,1,1,46.14
20,1,3,3,64.34
8,3,2,3,66.94
1,2,3,4,17.61
21,0,2,5,29.22
1,1,3,1,18.47
23,4,1,3,38.41
12,1,2,4,39.08
12,0,3,3,45.18
22,3,2,3,36.01
16,6,2,4,16.25
22,2,1,3,32.06
23,2,3,2,28.44
15,2,2,1,50.33
14,5,1,3,39.62
16,0,1,2,54.62
3,1,1,2,33.97
11,0,1,5,46.26
7,6,1,1,61.13
0,5,1,3,22.64
19,0,1,5,64.69
20,6,2,3,55.13
21,0,3,1,39.74
1,5,1,2,28.28
23,0,1,1,47.86
22,0,1,4,35.65
21,1,1,1,44.7
22,0,2,3,54.11
20,4,1,4,79.47
6,5,2,5,20.78
22,1,2,3,35.89
23,5,3,1,33.06
14,1,3,1,44.14
2,1,1,3,25.21
4,4,3,2,22.57
22,0,3,1,34.35
6,1,2,2,19.64
5,3,3,5,6.68
9,4,2,5,51.09
20,2,1,4,82.74
8,6,2,2,65.15
16,0,3,3,20.49
9,6,1,1,64.6
1,0,2,3,11.63
23,0,3,4,28.79
2,5,3,4,2.33
0,5,3,1,17.66
10,4,2,5,18.67
21,0,3,3,30.27
23,6,2,4,9.08
11,5,2,3,35.61
15,2,2,3,44.15
17,5,1,2,78.97
18,1,1,3,75.01
13,3,2,3,43.32
12,3,2,4,47.83
4,1,3,4,7.72
13,0,1,3,46.11
12,6,3,2,26.31
12,2,1,4,33.05
21,1,1,5,30.78
5,1,1,1,38.83
12,3,1,3,42.95
10,1,1,4,33.11
12,1,2,5,26.74
8,1,1,4,60.72
19,5,2,4,57.36
13,6,1,4,18.02
21,0,2,1,50.25
2,2,3,4,4.68
19,2,1,2,90.78
16,3,1,4,24.84
15,0,2,2,55.35
10,5,2,5,20.38
13,4,1,5,38.07
4,4,2,3,12.04
23,2,3,2,42.0
11,4,2,1,35.54
0,3,2,4,12.98
7,1,2,2,83.24
10,5,2,3,31.37
17,2,3,3,65.12
22,1,1,3,32.2
20,4,1,5,70.16
19,1,1,4,70.16
18,3,1,3,56.44
16,0,2,2,51.26
19,2,1,5,64.81
15,3,3,3,44.62
2,3,2,2,21.24
8,5,1,3,34.59
1,3,1,2,37.23
20,0,2,3,72.33
19,3,3,2,61.47
8,2,2,3,57.17
19,4,1,2,100.0
19,4,1,3,72.56
23,0,3,2,45.85
16,6,3,3,14.79
7,6,2,4,33.28
22,6,1,3,28.64
8,1,1,3,67.88
0,0,3,4,6.8
2,2,2,2,29.08
14,5,2,5,22.11
5,4,2,3,18.8
3,2,2,3,9.89
6,5,3,4,18.89
9,1,3,2,54.41
10,0,1,1,28.6
10,4,2,3,40.91
4,2,3,4,14.06
17,0,3,4,59.54
20,2,2,2,68.84
10,4,1,3,34.34
10,4,3,1,32.9
16,0,3,2,27.23
15,0,1,2,49.09
4,0,3,2,30.22
22,1,1,3,51.42
11,2,1,4,36.64
10,6,1,4,31.05
12,4,1,5,19.69
13,5,2,2,45.28
17,6,1,2,68.57
14,1,1,3,47.46
7,1,1,5,58.02
0,0,3,2,35.56
15,0,1,2,48.0
7,1,1,5,65.02
10,2,2,4,27.76
0,4,2,4,13.73
0,5,3,4,0.0
17,0,1,2,78.23
18,0,1,2,84.89
18,3,1,3,74.5
22,0,3,3,31.93
16,6,1,4,25.68
6,1,3,1,41.38
20,5,3,3,62.39
8,4,2,5,46.6
12,1,1,5,41.95
8,2,1,3,60.51
8,3,1,3,74.7
14,0,2,5,34.96
20,5,3,4,34.71
6,1,1,1,45.74
12,6,1,2,41.25
6,6,3,3,13.93
22,5,1,5,30.81
9,2,2,1,64.77
20,5,1,5,48.55
8,1,3,1,65.61
9,0,1,2,85.48
10,1,2,4,28.87
23,2,2,4,39.33
19,6,1,4,64.25
15,4,3,3,17.57
21,6,1,1,30.76
19,0,1,1,75.51
19,0,1,3,78.83
0,2,2,4,0.0
23,4,1,1,65.39
1,2,1,2,39.25
13,5,2,1,36.19
8,3,3,1,74.45
9,6,1,1,83.75
9,1,2,4,66.97
6,0,3,1,42.59
15,1,1,1,51.05
2,5,1,4,8.87
18,5,3,3,51.19
8,0,3,5,43.39
15,0,3,2,39.5
6,0,2,4,19.2
0,0,2,4,14.39
14,3,1,1,36.52
18,0,3,1,71.53
8,5,2,4,49.71
6,6,2,1,31.18
21,2,1,2,45.82
22,3,1,1,69.61
18,6,2,5,60.88
22,3,1,1,35.04
9,2,1,5,61.86
11,3,2,5,25.14
5,2,3,3,6.88
23,4,3,2,29.28
10,5,3,3,23.46
13,1,3,4,24.55
11,3,2,3,47.74
4,6,3,4,7.95
21,4,2,3,45.99
13,0,3,3,28.18
4,2,2,4,18.8
14,6,3,2,40.06
1,2,3,2,21.21
19,2,3,2,68.83
18,1,1,4,82.88
2,6,2,1,16.82
16,4,1,5,35.09
3,4,1,3,18.42
17,5,1,2,65.25
21,5,2,4,15.44
3,2,3,3,14.01
17,3,3,4,51.49
7,4,2,4,59.92
22,6,1,2,26.49
20,5,2,2,61.04
22,6,1,1,40.37
16,6,1,4,29.83
4,0,3,3,11.86
7,6,2,3,46.86
6,4,3,1,26.78
6,0,1,1,42.01
9,0,1,2,85.16
21,0,1,3,47.43
14,0,2,3,36.03
21,3,1,5,20.77
9,2,2,3,67.14
6,2,2,5,18.41
18,3,3,5,50.85
18,0,3,4,70.6
1,3,2,3,26.62
0,2,3,4,11.26
12,6,3,1,19.82
13,5,3,5,16.69
11,5,2,1,43.5
12,0,2,1,41.99
15,2,3,1,50.81
2,1,3,1,30.34
14,3,3,3,48.31
7,4,2,1,72.44
10,2,3,4,29.7
6,4,2,1,51.31
0,5,1,5,8.58
21,6,1,5,15.99
14,0,3,2,41.41
14,2,3,5,26.91
12,6,3,1,19.68
8,4,1,5,58.85
15,1,2,3,48.77
5,0,2,5,0.0
10,3,1,2,62.28
2,1,2,4,23.98
7,0,2,2,71.32
12,0,2,2,54.35
7,2,3,5,50.03
15,1,3,4,39.84
22,0,1,2,57.86
4,1,3,5,0.0
18,0,2,4,69.7
11,6,3,4,18.35
0,5,3,3,5.66
20,4,1,4,64.17
15,0,2,4,48.99
17,5,2,1,73.32
2,0,2,3,14.08
15,3,3,2,34.32
4,0,1,2,31.91
2,4,1,2,38.48
14,5,3,3,26.92
17,2,2,1,85.03
21,1,3,4,31.32
3,4,1,2,42.76
6,1,2,2,47.61
23,5,2,1,18.89
11,0,3,1,38.43
3,4,3,3,23.48
18,4,1,3,74.59
4,2,1,4,24.02
6,1,3,4,22.45
15,3,1,1,41.76
5,3,3,5,4.01
2,1,3,2,27.47
16,1,1,4,29.75
16,0,3,2,38.11
7,5,2,3,47.48
7,6,2,4,58.95
1,6,2,1,12.64
10,6,2,1,41.62
6,5,3,3,32.23
12,3,3,2,44.35
23,1,2,5,16.93
16,3,3,2,23.31
7,4,3,3,48.22
15,6,1,4,19.01
19,0,2,1,86.03
17,0,3,2,75.93
20,0,2,3,73.12
12,2,2,3,22.24
9,6,3,5,30.42
10,2,2,5,32.1
15,3,3,5,27.29
22,4,3,5,18.82
19,5,3,2,69.52
15,2,1,4,53.09
10,4,3,5,18.23
20,0,2,3,70.55
8,6,2,5,46.54
16,1,2,3,54.14
7,4,1,3,53.21
9,1,2,5,60.47
21,3,2,3,34.08
19,3,3,2,79.53
19,6,1,3,59.74
6,5,3,3,19.61
22,4,3,3,35.69
6,6,2,5,39.9
16,1,1,3,46.46
20,1,1,5,58.22
